,0.0,0.01,0.1
0,-0.009945311783953982,-0.03949092413150452,0.020622772959419892
1,0.0071808827208730665,-0.041496989546158936,-0.059515785589328116
2,0.01485351965936919,0.010370893996461843,0.022084235703120653
3,0.06659612427727944,0.06563501271151881,0.07328646189962636
4,0.1490312369707355,0.15474106343708538,0.14731525381157806
5,0.24145818687468829,0.24243032491854175,0.18573227707660223
6,0.2977826782154765,0.2915377702420606,0.276148840588882
7,0.3771839530868975,0.40144050547758986,0.3646868763542039
8,0.4485989930210039,0.42609572466321766,0.44884221194456897
9,0.5422617282553563,0.514477443080511,0.45962053135664366
10,0.5175259466881534,0.5476426954036991,0.565191935661457
11,0.624864266762071,0.6349963832981332,0.5880918934738286
12,0.6620942534449815,0.5937323729131708,0.6481347474865223
13,0.7620994376507559,0.7053874861154253,0.6506044165371776
14,0.7942345905713147,0.7647806864926191,0.7255974638936042
15,0.7938957368004033,0.7083813003052419,0.7408609840635084
16,0.7791930155871721,0.7956917485034487,0.780477888274313
17,0.7842828945756178,0.7720957285074871,0.7447162706593675
18,0.8390443084542819,0.8331197880931616,0.7413116090203823
19,0.8438084700576388,0.835296077739539,0.8105286852348129
20,0.8919516898246864,0.873081927031949,0.8072874709820473
21,0.8978044165192204,0.8814879696371358,0.8491759818919353
22,0.9362294554818535,0.8361514842235929,0.8469224872386321
23,0.8856528899648297,0.9284153478868662,0.8601212617650189
24,0.9157212458627904,0.9334442783784406,0.8263414175951895
25,0.9756731494580455,0.8717595260419508,0.8868409092831742
26,0.957380674459199,0.9200820533589767,0.892869600713716
27,1.0005399163989497,0.9754589477757887,0.8836553878182903
28,0.9944227554054822,0.9235108682013347,0.9088389165331368
29,0.9504537229333823,0.9720703261916803,0.8947167923948931
30,0.9059576251092625,0.9796866908441011,0.8956301248683285
31,0.9696208354171386,0.9725026976202901,0.9381116183722877
32,0.9741615706572011,0.978238226754436,0.917559976176742
33,0.9864594462327846,0.9208168637761026,0.9151915256010785
34,1.0165627239470112,0.9421722022615936,0.9170219433290626
35,0.9735779848930368,0.9554155579764736,0.976473074148812
36,0.9560847099343809,0.9662395276641566,0.9683920088003843
37,0.9483159090805772,1.0310549797303226,0.9576502717628966
38,0.9944693378551145,0.9899975562809104,0.9887075899931309
39,1.014303795569178,1.0259960477880083,0.9196986468580328
40,0.9585909834003157,0.9873252736255522,0.9537443766848794
41,0.9717455282056104,0.9934950135341087,0.9969355634933554
42,1.0253307352088445,1.031801451042573,0.9763246380262512
43,1.0263734247884517,1.0031712866054394,0.9538049714048698
44,0.9833528487304944,1.0256191560028727,0.9477962311099083
45,0.9661476424276125,0.9860771838116325,0.9466508790142063
46,0.9800533543914087,0.9341984088369713,0.9894194571330109
47,0.9677388417553362,0.9840953385740346,0.998384239409319
48,1.0031190357380395,0.9917487258393082,0.9934169874961177
49,0.9464483148137908,1.0250969968998858,0.9957442272990441
50,1.038713335528417,0.978634849689546,1.0269497680269808
51,1.00025775234956,0.9645870930859538,0.9918401441489385
52,1.0265719913157025,0.9727253288104468,1.0128584072525053
53,1.0014048228008523,1.0343819007912465,0.9600688690797894
54,1.0180194415789832,0.982314549300654,1.016317653348697
55,0.9989772961965294,1.0297741910766458,1.0210671778827762
56,0.9886893195444548,1.0108666170477287,0.9999415188005252
57,1.0114921606698895,1.0039563148181068,0.9935661588837098
58,1.0257830732377833,1.0186680233174428,0.9984228258491435
59,1.004775573526431,1.041964017692431,1.036534560461029
60,1.0385900040160918,1.0034576848224253,1.020462877890184
61,1.016051367935728,0.9921461635795329,0.9858492014062258
62,1.0208960349818037,1.027322117948729,1.0517408018851953
63,0.9903536847433092,1.006405659901194,1.0485757398351936
64,1.0214322804277514,1.0306072586662023,1.0396773138616804
65,1.0231223118009394,1.0133414578046762,1.0204431399369058
66,1.0157402044098685,0.9716926762973952,1.0393195256701977
67,1.0164089785703412,1.0445278260160136,1.0440786071866017
68,1.032252102749044,1.0054465371531949,1.0186890376235955
69,1.0272141290418535,1.0210049801832521,1.0546944055439225
70,1.0185270435498677,1.0227985311632461,1.0392655985726909
71,1.0262116253254487,0.9920912852785806,1.050289927165456
72,1.0282731453897633,1.002140735802197,1.0893105957921343
73,1.0094544557406033,1.0264811566160321,1.0563931811048635
74,1.0116148132852296,0.983672917999199,1.0329223150855553
75,1.0533936320833284,1.015047014443097,1.0645385671789551
76,0.9807820166334431,1.0247416051027167,1.0554145272577768
77,1.0111837152075682,1.034451876584514,1.0853513364289724
78,1.0079645964846327,1.0323559719168678,1.0887649535406874
79,1.0509524199842182,1.034998055947646,1.021566939259701
80,1.0398796848417104,1.0401777337800142,1.0888076860139577
81,1.0229835177115885,1.0389677076531632,1.0822733743398425
82,1.025740590075814,0.9990400155301922,1.0524545130131655
83,1.0161135969044184,1.028775598430259,1.0842640507510564
84,1.0393197721587466,1.0240318935779156,1.0243709997100274
85,1.0319388316504543,0.9953773495313366,1.1074884709708817
86,1.040463731828217,1.0242370434497445,1.0571227705509953
87,1.0199619248643106,0.9741563362960689,1.0805510896546626
88,1.010753094001196,1.0108048225835076,1.0666428949424527
89,1.060032705240789,0.9983564338144786,1.051440938667014
90,1.034423664646093,1.034188691207926,1.1104921046669094
91,1.0341469800213827,0.9995187236931993,1.0566149336747812
92,1.0479113531902284,1.03519081943041,1.0939046652486177
93,1.0420061145517043,1.0122129985755308,1.0569071549407512
94,0.9921365289357492,1.0282860859236058,1.0805057421225683
95,1.0540112059618802,1.0163556828173896,1.0687067062806106
96,1.0134498408912398,1.0154681680491182,1.0998352077837035
97,1.0158567002181933,1.0114428996012297,1.1311586609296416
98,1.0166304919299793,0.9958180105138555,1.1331665170123673
99,1.0498965005780196,1.063428208560081,1.0672403133538222
100,1.0428956138966734,1.0164540277947058,1.083333246355104
101,1.0389984231630363,1.0052642919404493,1.0935638437467041
102,1.0401770317930241,1.0396356458949867,1.1257549136523064
103,1.061013631463655,1.0325415481822242,1.0990593017177062
104,0.9823942225855223,1.0234943529193408,1.1080138390915686
105,0.9870279374231326,1.0085108706279173,1.1024550433832272
106,1.0197817249912469,1.0286506852218271,1.0870227592326465
107,1.0386487941569562,1.048851376610101,1.1165783690717925
108,1.0325348225104662,1.0421704680353623,1.1322826510171424
109,0.9836843915266896,1.003711558973581,1.1187672610891854
110,1.0401380518703665,1.0567177850849048,1.121282019137725
111,1.035288846486434,1.0339493122800827,1.130658548434448
112,1.0242934582464631,1.0570551030071171,1.0458284314148016
113,1.066062419750324,1.0289222372468894,1.1523487681880655
114,1.0106869466945934,1.0399485386871776,1.0765363616861907
115,0.9989389626304617,1.039401968680571,1.1572603323467354
116,1.0531019023457235,0.9905506724018437,1.1311490566210913
117,1.0131214715355743,1.0247813230898095,1.0959262153530789
118,1.0453640398816253,0.997536669784849,1.1562475701120032
119,1.0205735246680463,1.0557218791290792,1.0937589903794045
120,1.0346109837948823,1.035455533885982,1.1841903895668426
121,1.0302112671245016,1.0413897697539973,1.1075605580522323
122,1.011344558655369,1.0249169064544816,1.1215260512827736
123,1.0537297644927537,0.9901247749657707,1.1222303698012681
124,1.0217813073733522,1.050031179077103,1.147705448010635
125,1.0173841624297923,1.0195219881590665,1.1422220992142529
126,1.0742038392760451,1.0443972675377413,1.1453571702190193
127,1.0317426709091668,1.0022182684340186,1.1429298378679138
128,1.0580234880922341,1.0627222342740137,1.1603469212239794
129,1.0233798533300167,1.0368705945895176,1.1772706895591107
130,1.04439932756618,1.012887029080572,1.1135060395846863
131,1.0573733438841681,1.072059530248721,1.1309573562287447
132,0.983277493411998,1.0483762668470906,1.174718094090305
133,1.0289948820875587,1.0652663678341687,1.1605402614663969
134,0.966690601351526,1.0082919207841723,1.1986455463857941
135,1.0177285937009124,1.0246443058122268,1.1723077846183936
136,1.018346817556254,1.0485537395752378,1.1549868934742904
137,1.0375065772559287,1.0113781812821114,1.1491364661051175
138,1.0324937402101668,1.03788751515851,1.1403303673059755
139,1.0164373486456375,1.0628703683921576,1.176350051689049
140,1.0419023728902161,1.0551777152319723,1.1619192315966798
141,1.0482335921451085,1.022060870329804,1.156220946323196
142,1.038278392015394,1.0198378298348596,1.2044058496966454
143,1.0110172591007818,1.0508555650209532,1.145693693458149
144,1.024002094757319,1.0299322822884096,1.1721299878671692
145,1.0280308014935113,1.022126097626266,1.1828087618389076
146,1.0438162618038802,1.031093771595851,1.2145895250559222
147,1.0187059220149401,1.0433365762882145,1.1885617911274249
148,1.0198964347579185,1.0431058535608637,1.148468009858953
149,1.013972741204128,1.0589719712408228,1.1926003242598433
150,1.0088436845018829,1.035956829318639,1.1373912200898666
151,1.014221036270696,1.047910711729073,1.2038734488811345
152,1.0105514817727501,1.043802555286199,1.2857984246064316
153,1.0035658541431816,1.0316819431670112,1.220661495312825
154,1.0430502346880015,1.0347966904541868,1.1835866114382512
155,1.0319382123362593,1.0538889886924887,1.2067225344496268
156,1.0012309653133902,0.9874701316155042,1.1601486529218885
157,0.9938070102514022,1.0764863804222495,1.1814692190934264
158,1.0191295459241292,1.0825292154687742,1.243613524879015
159,1.0397076131457248,1.0381691953117018,1.2135702904099712
160,1.015296806215108,1.0716794158347873,1.1695414951431458
161,1.047289611760823,1.0808199476427318,1.177575692829028
162,1.006544664015615,1.0266645917838169,1.1651420577003864
163,1.0747064363448102,1.0715170999061354,1.2012107189454932
164,1.0365528045676602,1.0388667670107181,1.188281742356251
165,1.0035749082560033,1.031573373872939,1.2632153951963812
166,1.017724730080443,1.0784949436658018,1.2081347223149532
167,1.0152037940740402,1.0612844487993875,1.1728441276468775
168,1.0223071021482568,1.0248876525217794,1.202799119548852
169,1.062348917904306,1.0323513362058419,1.1897588240356827
170,1.0236613983512222,1.039760537927169,1.257329396796213
171,1.0514943155397782,1.067362519887686,1.1998022950446867
172,1.018298966389931,1.0340996103934779,1.2460193105855513
173,1.050584485492553,1.0536327205573215,1.1842819327981844
174,1.042613984519053,1.0039486666088315,1.1933176299607642
175,1.0048894582615358,1.052100661217981,1.2271493163638951
176,1.0470424770660602,1.028313792615334,1.2393364005696652
177,1.0270300161777153,1.0237208094340344,1.2320376699217817
178,1.0360232761306194,1.0589574462173146,1.240597664152457
179,1.022761634005426,1.0311425315988625,1.1934696557235651
180,0.9772959392547462,1.074208100459666,1.252755966899731
181,1.0244411960029094,1.0066286392816652,1.2451931404917056
182,1.0014035664769092,1.023923611776432,1.2211193267648885
183,1.0331063969566765,1.1175159630176286,1.188593756735069
184,1.0514924306918387,1.0197186164156236,1.244783348386183
185,1.0234788482956485,1.0311766478736177,1.1812245281367584
186,1.0054647426381758,1.0586294473724336,1.2479845176566915
187,1.046773051720572,1.0675977061466628,1.2278839900267626
188,1.0432425168525494,1.0592037145872013,1.201346467993667
189,1.0269935806546593,1.0678419135102197,1.1943205695309156
190,1.0526216610778194,1.0704357745667414,1.244856171756714
191,1.0414674869962786,1.0444253251188993,1.2740609501427138
192,1.0295263602898879,1.0409828397938496,1.24369216399355
193,1.037232988933957,1.032253613558526,1.238949757098821
194,1.0390815720543922,1.075467553076033,1.231474391197721
195,1.0352271992042692,1.0321745476192556,1.2420053250921497
196,1.0375090638491062,1.0661736515125029,1.2658871316712483
197,0.9935644763162523,1.0777710231624342,1.2486717472915754
198,1.0431896655271664,1.0745568324968435,1.2312859361822674
199,1.0445022163682356,1.0426490583911199,1.1978963463569363
200,1.0268005101183826,1.062795682256498,1.2353956751920392
201,1.0110385699077649,1.0634266757495363,1.2444791441175937
202,1.0487051988007539,1.0333922023604065,1.2426876852274804
203,0.9976540004590643,1.073599518057445,1.1901950547444824
204,1.0477415382456645,1.0920305677473299,1.2435972017974104
205,1.0328318515129515,1.0602118602018384,1.1972931360922956
206,1.03384750468543,1.0600539600989727,1.2374657388186105
207,1.0383349208922885,1.0152194172510112,1.24657960644145
208,1.0355774958409005,1.0569690722947909,1.2555179212013283
209,1.0164350064081433,1.0640180609853387,1.2283443733891852
210,0.9852262605211821,1.1168698979432798,1.2233536360861
211,1.0222787325391804,1.0510574109678135,1.3018848656776152
212,1.0608084670814226,1.0408120413420718,1.242101017546384
213,0.9902065413695115,1.0432894890051034,1.28460862831057
214,1.0585671597225115,1.0905311166972336,1.268464767139561
215,1.0508242991521508,1.088455662634934,1.2064980687164006
216,1.0540463853417639,1.056031884694836,1.1966755689831816
217,1.0156512592214373,1.071192432410048,1.251414752078626
218,1.0312679297394372,1.0499393715109049,1.2500708326947405
219,1.039025722765667,1.1152432244076111,1.2742949604376081
220,1.0377555113133774,1.0534403972083146,1.2590477246102252
221,1.0239139776642843,1.0443171785547407,1.2496177031082174
222,1.0689990065540704,1.0556149094431702,1.2739453676934631
223,1.0159941241460393,1.089002983821389,1.259616906445318
224,1.0256567741633549,1.0310069161670992,1.2217156591384655
225,0.9837297376831974,1.0712378616422225,1.2465597576847318
226,0.9621192519673049,1.0803803967634964,1.2641204972313247
227,1.0020342517401302,1.067183718117725,1.2420926295782715
228,1.009015870440853,1.0333850756994583,1.237896650082996
229,1.026559906392854,1.0855788416271548,1.2677907243921724
230,1.0226190605153491,1.0690618697320193,1.2311462682356278
231,0.9738266248053777,1.058798144479126,1.2631120831639744
232,1.034046457557542,1.0698553573824634,1.2129888238694195
233,1.021874115189738,1.0772073632908719,1.322955614033833
234,1.0075507488865811,1.1151452803743798,1.2689007577152123
235,1.0546256960188771,1.037582856088658,1.285538108631388
236,1.0370259695740809,1.108743969378141,1.3403092988405292
237,1.0442058514483339,1.0681722962490134,1.2826446281635837
238,0.9943701928881037,1.0405094237820902,1.296877357821772
239,0.9972363614146228,1.0723091071385613,1.261030884210047
240,1.0368620570512894,1.0755634243015781,1.2838401981071705
241,1.055316739212088,1.0380843157198087,1.275905771807249
242,1.0001861779532517,1.0372771930769167,1.2964731231903837
243,1.07833267526697,1.0593661755139925,1.3109380621779814
244,1.010399359582441,1.0989583174906776,1.273024394089459
245,1.0374601516941953,1.0642774697658934,1.254293920895519
246,1.0513513351855819,1.0860056382942476,1.2692647350686435
247,1.0508621471751347,1.073688974406436,1.3042702023211137
248,1.0474505737615945,1.0672119701596483,1.2578850268482547
249,1.037161496912829,1.0678716872703355,1.2820498231893125
250,1.0019000929536037,1.0665548751201614,1.2843156390397659
251,1.027905356105538,1.0717823203249282,1.332743337295377
252,1.0097613734329889,1.0443180665206788,1.264793918852511
253,1.0501161266470365,1.0834930689120237,1.2652659796071382
254,1.030765274989095,1.096630633512082,1.2921304777499123
255,0.9802360545631149,1.0466994035428323,1.2718972321775721
256,1.0176985672489811,1.0760610966669482,1.2949263069035255
257,1.0315639098594747,1.0783604269584268,1.272946401448151
258,0.9973513482952715,1.070578081120192,1.2628432029436945
259,1.059313095428837,1.076579840981638,1.2254281285343462
260,1.031809779767496,1.0625721592594874,1.2748262181839949
261,1.0342180912583288,1.0464259565420206,1.3069394635738656
262,1.0271170955642595,1.1229811488710533,1.3182264726707054
263,1.0434994475907746,1.0450311909007814,1.3283584286626966
264,0.989072221627525,1.0822508276572929,1.3140926455350066
265,1.0414508890703968,1.083446125634908,1.2537927100929553
266,1.0378589924538442,1.117848816116137,1.3159672449294604
267,0.9882210659265362,1.073766548648653,1.301510710514244
268,1.0385094753623834,1.0656851113240495,1.2971819910504452
269,1.0061132139440374,1.0412496211829736,1.3324661170249612
270,1.0060794617115172,1.10693231421962,1.3092011035211624
271,1.0576390249177872,1.0679913256765903,1.3283451731067604
272,1.0061417611391759,1.0722688969836762,1.2763400999684407
273,1.0201226268671186,1.0551050647897415,1.2364217089613172
274,1.0546577924439793,1.054361436061761,1.2785925087000145
275,1.0600524114664829,1.0886980495606848,1.283087839540618
276,1.0095395394895852,1.1098234753604723,1.2844035509756286
277,1.073711086159181,1.1076421595829675,1.2910261027162817
278,1.0378744209192454,1.023715770606554,1.2537027236171725
279,1.0466829854345476,1.0544608636735673,1.315255722327163
280,1.0081502301684193,1.033209564375638,1.3735037745569003
281,1.004772000490618,1.0953593196061098,1.2701083329160117
282,1.0182714293945194,1.095411993997762,1.2637449443585123
283,1.0256584270039444,1.109639708590698,1.28915038279862
284,1.0244448141422295,1.0965389909715393,1.2920183234576998
285,1.0110958316454441,1.065134590057855,1.3017328691875907
286,1.0251404528584158,1.0878279168976388,1.3057240303648863
287,1.01576056227377,1.0694069334906406,1.302327948408077
288,1.0111466146266865,1.0692552669980622,1.3043304349125096
289,1.007001426935819,1.0738023580927298,1.3142149026670498
290,1.0299379780066635,1.06372990482714,1.3141601002976502
291,1.0441986838634763,1.0939804695334836,1.2814217022940302
292,0.9829820575494966,1.0933395938844257,1.3363667323289596
293,0.9938439064383486,1.112820210211781,1.2639858719706112
294,0.9929812599447757,1.078151757228516,1.3048631590429636
295,1.0148789970039498,1.1040887944555144,1.3179702653004262
296,1.0021997947379457,1.0869561649987867,1.259653471152751
297,1.0504171704340086,1.033654876437607,1.2987620666125885
298,0.9647268350079345,1.0449984103456582,1.2812893423833256
299,1.0389209034554827,1.0687200965714454,1.3420259294336707
300,1.019959617581524,1.0599294782460158,1.2697323173365336
301,1.0450868786337928,1.104909099002684,1.3169734679959666
302,1.0192977460599457,1.1015656055974135,1.2686558122657956
303,1.030088729892593,1.1272130240066383,1.309930815304343
304,1.0300710273100127,1.0729156688220132,1.2937688426862612
305,1.0433738363763254,1.1006021644331563,1.3118642348371228
306,1.0554431064367258,1.0853543653013231,1.3583377122986215
307,1.024955122237666,1.101769977133925,1.2769374163085236
308,1.0576398579672295,1.029620268311146,1.2915252781993738
309,0.9828840062172779,1.0916943773798728,1.3057111535141805
310,1.0386754454491884,1.1203419988232162,1.2840169910756953
311,1.0512683710486659,1.0877932891622621,1.3164895278724396
312,1.0152403430299035,1.1223541245415314,1.2916557660929942
313,1.0302344892670372,1.1223837529872462,1.3225010332995777
314,1.0399272210983814,1.1095002716255193,1.3141895779650659
315,1.0217846726224384,1.0604632775785947,1.3053166513343175
316,1.0531602538873286,1.0675341660663848,1.319711108866565
317,1.0132300483671086,1.117730175279758,1.3134322075541673
318,1.0020383103181525,1.0970886872398753,1.3580039383214986
319,1.0248520064392552,1.0853454607562214,1.2997461233173246
320,1.0161957139510045,1.1139455953174628,1.315452433027261
321,1.0261241893016448,1.0686810302101983,1.357388752911587
322,1.0386702587833838,1.0573451930161013,1.3393489456373049
323,1.0662986767982539,1.0679065792768205,1.3345130996467212
324,1.008078942898733,1.0663902652918615,1.298742543440089
325,1.0211691390149438,1.0647923118032308,1.3037484064200797
326,1.063884515480595,1.0554055022000943,1.2893789643732818
327,1.042564277792536,1.0798181261032662,1.3358069105419417
328,0.9774877753763649,1.0569737642234636,1.2982296933249566
329,1.0234187397162948,1.0670967237293756,1.3088544039783279
330,1.0259825786722596,1.0568691697878434,1.3035891588009834
331,1.0128739639898907,1.087126399439197,1.2934744932277245
332,1.0175312015173559,1.0979089001159794,1.353612468287952
333,1.0429760113968751,1.0419030428902292,1.3234220583062954
334,1.0222544712141215,1.0763131290989,1.3744065330532036
335,1.0085417160603871,1.0958686591610973,1.3036170740553403
336,1.0270030939436554,1.0865300217523282,1.3034342224269508
337,0.9840253439215726,1.1370203971177808,1.3338784009782803
338,1.0146268139490027,1.123687740485665,1.2980630673892035
339,1.0486123072122657,1.1057870071275426,1.301244427072316
340,1.0358771437024183,1.070441471581538,1.2881088975896586
341,1.0694779510314454,1.0868451678129127,1.3360403902734619
342,1.0364604235644868,1.104922509546844,1.3556254839744288
343,1.0129009888372416,1.0852604898510296,1.3142536174833688
344,1.0140945657822922,1.1241692162351444,1.322248842053018
345,1.0632148845866507,1.0877883908416799,1.2937641362892864
346,0.9990181345260999,1.097665654292169,1.3380651917640614
347,1.0315632535389354,1.0681634180929136,1.3061060114968936
348,1.015627856085374,1.0642787458863194,1.312822055527475
349,1.0188755633006177,1.0936270420660092,1.358875507559351
350,0.9976996962610352,1.1179683040584139,1.3118776235698828
351,1.0619730735672852,1.0605117431841253,1.316380755173633
352,0.9955849126749657,1.0978738899359357,1.3228158442081939
353,1.030235233075156,1.0504301413446053,1.368090814978797
354,1.0186045246725919,1.055387028305113,1.3646314027006192
355,0.9876642233038277,1.0848719323653082,1.255645138713562
356,1.0464745764450452,1.0968754774364518,1.3238996148862006
357,1.0509510162388818,1.1137458945413985,1.313918746297973
358,1.0122211593781774,1.0815143490782073,1.3303900235273052
359,1.0296732592165307,1.108175451702798,1.3410189579798566
360,1.0333236545868605,1.0745501263213286,1.3715140664870962
361,1.0218189629548353,1.0709648714412638,1.287631169556306
362,1.0323681256122175,1.0972033568114912,1.3114082859298122
363,1.0363986400450838,1.107795051974771,1.3412218877521147
364,1.0240566180320427,1.058467546549314,1.3372300156311163
365,1.0311873182598368,1.0969802892858591,1.3427823844581857
366,1.0407397734911283,1.116103519993944,1.3627866885673607
367,1.0211554127615254,1.1118264937935918,1.3264774621838595
368,1.0405133494320087,1.0594266019470846,1.2924176719541225
369,1.048629516079603,1.038313928427819,1.3551773236067195
370,1.0192159421746132,1.0868718636532346,1.3037102761645076
371,1.0456321750237845,1.1171538069858482,1.3011280356495225
372,1.0129039212613564,1.093591140710708,1.323624532810868
373,1.0247523306056654,1.1017386581958,1.272013750679876
374,1.0122984769229266,1.1174783541415305,1.3052281406044213
375,1.030525764224182,1.1088087437767438,1.3478874675469024
376,1.0428719648729836,1.086986489256573,1.3356751660219188
377,1.0221662527102415,1.145845905535662,1.3690479698736264
378,1.0373692438163928,1.0882977137349132,1.3507564860576817
379,1.0456976976503345,1.1573700954629167,1.2995722166975974
380,1.0570534855723384,1.0914816080867813,1.3576309524900998
381,1.0124303257064753,1.1253014386902551,1.312943153459389
382,1.020240448990527,1.1399921101789736,1.3529719893002286
383,1.0100358300310839,1.0795293855443258,1.3338712523096643
384,1.0428109421144451,1.118663483307243,1.303999761586721
385,1.035244397862679,1.085852798526796,1.320651790444091
386,1.0240355010523756,1.0840782828012725,1.3657556906890194
387,1.044482201306607,1.104599022673153,1.363199996124574
388,1.037898652571876,1.1018980609976448,1.333170302444767
389,1.0247706214381296,1.1473828922233105,1.3581973360570916
390,1.0362702078710015,1.1080332162278275,1.3369221840784857
391,1.012623258226085,1.123931586366549,1.3409250086436268
392,1.0550143395338483,1.134721233359747,1.3132563501564256
393,1.0366079265872064,1.0966677472547175,1.2754195652997111
394,1.0586986012058293,1.0970628793447674,1.3960021789209418
395,0.9935445234097112,1.0841082832907232,1.3627087621826435
396,1.0316225032614963,1.097998747899888,1.3555312372111186
397,1.0758426570435935,1.1035033536738814,1.3555224359915228
398,1.0244523089910749,1.0998495864101439,1.3713893218960322
399,1.004798554713244,1.1429193062106653,1.3395937887188738
400,1.0403634766718781,1.1099658323854307,1.2979197645837974
401,1.0210297742056857,1.082718299492855,1.3496173493620238
402,1.0335302732191631,1.1056618825713824,1.355033103273582
403,1.015021772518382,1.126554021893118,1.3230767176008196
404,1.0026889727093302,1.0838675572555276,1.3545335353148604
405,1.0567076043155608,1.082717626776986,1.3809488064290856
406,1.0175901611839604,1.1419374342763264,1.3709289501110447
407,1.0186838458567395,1.1449838945983575,1.3719430609936416
408,0.9863106753230805,1.1316661462447837,1.3364746519643602
409,1.0546174833682398,1.1068313516307513,1.325862846547973
410,1.00224401086972,1.0941109831986002,1.3483315331247232
411,1.002970114096164,1.1402134976405034,1.3550794444330623
412,1.035379457898002,1.1321329020551691,1.3401580201185879
413,1.0389664432764782,1.137684245391433,1.3156096957889336
414,0.9959502320475833,1.1371432506660477,1.3288291752504657
415,1.0277452135598861,1.1241357205009093,1.318503092897379
416,1.01861276839884,1.1100050213782824,1.3650675092479347
417,1.0189241781535616,1.1082980689263833,1.3530939939588882
418,1.011041492139808,1.1431945744644785,1.3351329011526547
419,1.0500539621101492,1.1381287703055991,1.3305718778327766
420,1.027743829629236,1.1255436446802674,1.3742327232863858
421,1.0357054097092613,1.1019297353624191,1.3434233862813054
422,1.0207689255533425,1.1123812009867065,1.3536384551757235
423,1.0177546811368103,1.1315713011253767,1.341313417894394
424,1.0165410380120745,1.0941683560873032,1.3855782780603272
425,1.0314921266203296,1.1118951124497134,1.3516982910494202
426,1.060557568694868,1.1176270029593751,1.300181641011509
427,1.0419374454843813,1.1089936691010467,1.3524973132615494
428,1.0469620751003137,1.0840081622431361,1.3562031559365801
429,0.968428157418526,1.1198794869499256,1.371670665819209
430,1.0142596964371258,1.1331589195342637,1.3698426460361148
431,1.0178876297367467,1.0821687097286177,1.3784175071036646
432,1.021209319194786,1.1377266321003772,1.3352745576514364
433,1.0272748399640494,1.0884014166017897,1.3740789977824646
434,1.0312157389572858,1.1205063509386808,1.3122435311756755
435,1.009851280156828,1.082327461070019,1.3496954531352778
436,1.0216959469424371,1.1381515073006006,1.3247670048858917
437,1.009166958895236,1.1572909732023569,1.3148212842108389
438,1.0219224487170513,1.0740620852992822,1.3460714421565387
439,1.0148124082516736,1.1331438635256859,1.345361828744689
440,1.0375732148272885,1.1032702072315534,1.3598453019309324
441,1.018205121066368,1.117111195086694,1.3948158483411826
442,1.0376788862199435,1.1294948586406333,1.3309373438779697
443,1.0092155687071782,1.1127137959929168,1.3693518473075765
444,1.040792693780936,1.1185469581575926,1.333879893640819
445,1.057969593323123,1.1237505255478004,1.3191871840968574
446,1.0277357359557728,1.1168218837290638,1.3550691665965724
447,1.0261922953567537,1.092762643989696,1.3762591659811414
448,1.0819454146389904,1.1380402989917464,1.389636740456016
449,0.9981027693050365,1.069494678787989,1.3920502405979456
450,1.012370017029529,1.1342831348092508,1.3323708218562091
451,0.9815447700641023,1.132971749648092,1.3681986985584034
452,1.0493137758411901,1.0899888679285843,1.3825456387978858
453,1.0089933198588574,1.1042189884534455,1.3488424918201338
454,1.028684969177517,1.12009435394822,1.3204918103921848
455,1.0383229272407508,1.1130825959558033,1.3765670100956302
456,1.0345379971568893,1.1647409475953363,1.3467084861244403
457,1.0096122857067187,1.0931163179206365,1.3818059476799827
458,1.0318964441181586,1.1043262110372403,1.3742005861683853
459,1.0279832726229632,1.1189829005806597,1.3278885300008207
460,1.0510340221515817,1.124732117810595,1.3254995399015321
461,1.050350283875891,1.135781302179232,1.3421966210655987
462,0.993729366285321,1.1375554511126502,1.353895927237696
463,1.0531246638329317,1.1360682261321642,1.325586308600192
464,1.0326995435733424,1.1736987266310293,1.3738525807740394
465,0.9965038217562756,1.1575129189875517,1.3655960451734943
466,1.0074283646558282,1.0933101501307387,1.3411280238157863
467,1.0434673489913153,1.1140824751325522,1.331116870942399
468,1.0678883036724807,1.1766430081710426,1.4026223965702136
469,1.0414090648564662,1.1687666299103905,1.366046776880885
470,1.0425764339121182,1.1157171295921333,1.3333285717058116
471,1.0493060769941172,1.1225291841669744,1.4013039716116222
472,1.0168657037497486,1.1186520059976723,1.3215137865577362
473,1.0157311607814212,1.1113750308678203,1.3502752002401608
474,1.0186800715451374,1.13228211137789,1.393142558689451
475,1.0787682388437922,1.1554456176786627,1.3350536920608977
476,1.0295763665369564,1.1970017857685273,1.3657033370844274
477,1.0286762478435443,1.1610118323686889,1.3092351357684593
478,1.0400182043485877,1.1530627679668646,1.3900555781055273
479,1.0739223821243091,1.1545475337148927,1.364165437259556
480,1.0231720833961073,1.1471544105045124,1.359413579257801
481,0.9697622558680792,1.1302070556865347,1.3459320296624933
482,1.0064179011370529,1.1577717662619884,1.344143875302817
483,1.024072328511668,1.1364107090209066,1.3705260139572089
484,1.016586531445715,1.101190946515843,1.3764811323097783
485,1.0378751662596035,1.118086347003257,1.3757557551279298
486,1.0575522555335921,1.1465239855321336,1.3341084248977997
487,1.0307597577155585,1.1700798827540777,1.3645122049691965
488,1.0168467677669892,1.145363962752956,1.3637890876286791
489,1.051291287507167,1.1498652139504502,1.336442581221859
490,1.0247718459005688,1.1382086360278194,1.3708215956003431
491,1.035522003399081,1.1403763355261711,1.3164656428962576
492,1.0622289763539265,1.1747238109398204,1.389638551104463
493,1.0382250603358492,1.1264037952807127,1.3741322087857735
494,1.0038810348066274,1.1034231502076486,1.412337803250531
495,1.0242962313005746,1.1676075276610034,1.3075111526751217
496,1.0389577205459812,1.1357935017483265,1.3350095637701962
497,1.0469089269542193,1.160897263376128,1.368899970180767
498,1.0905510246437735,1.1337313573650578,1.3379763753004335
499,1.0248031575241916,1.1731347965835257,1.383523980238959
500,0.9952869457135368,1.1064995899249797,1.33324734008615
501,1.0382353774252464,1.094840846573019,1.398279089564701
502,1.007832224440151,1.090625042102884,1.3506045578054886
503,1.0706590443792603,1.1438779686662035,1.3626762168362132
504,1.058372425873252,1.1486958854319407,1.3341313490386282
505,1.0254241652575227,1.1307656021953214,1.3810510825007283
506,1.0526336051348806,1.1586940046057579,1.3610510660434667
507,1.0305471162839968,1.095971814133722,1.3451780197842893
508,1.0366031268353992,1.1377500471103632,1.362427618816482
509,1.0446246129015309,1.164855508630266,1.3719062702877436
510,1.0510237084081508,1.1606678938676707,1.367714585018535
511,1.016411945833629,1.165541357677059,1.397926592198238
512,1.0355645849803121,1.2252495126833056,1.3979361604450835
513,1.0152678288611303,1.1373452938129542,1.3839663758995688
514,1.0403514584530558,1.1714171042266839,1.3908373780350562
515,1.0418777484509734,1.1637725038898767,1.3746163864162813
516,1.049338296742518,1.1347237106814556,1.3338405326336813
517,1.0242875008395713,1.1305902042597091,1.34986236599139
518,1.0594359209533422,1.1496975818855355,1.3378511656420278
519,1.0183886582318011,1.1514055012563589,1.3515024711678294
520,1.0555981918861514,1.1056251908175683,1.3531060798167267
521,1.0431427981856616,1.1625741803661562,1.3745928889463985
522,1.0266533627674728,1.1443429485897947,1.3701813819383073
523,1.043623431232751,1.1369803083414527,1.354632047183805
524,1.024904855286362,1.2067219147694142,1.3549263232191113
525,1.0273345851227187,1.1498841304112344,1.3793709835554655
526,1.0533849792131071,1.134555246689667,1.355323198986174
527,1.023325551388037,1.1409352614073391,1.3650240380987433
528,0.9973575560348718,1.1873837708427009,1.3727009592230475
529,1.0473755035213215,1.1482292562782337,1.321604929653116
530,1.0230307398617486,1.143191871943748,1.354322695951016
531,1.0435406751119787,1.1181211180350388,1.3588130572059773
532,1.033563660877624,1.1278149339320684,1.3638887688974168
533,1.078562961677945,1.1296530228495114,1.3555108014373658
534,1.0182860852253768,1.16030386581775,1.3285110344472935
535,1.026506920940831,1.1182219997174148,1.3391902895222765
536,1.0417719743639355,1.1727478275051755,1.3544062869053795
537,1.046677761547733,1.160577861811302,1.3321342368276585
538,1.0273855662676672,1.1339701896399526,1.3496400131403843
539,1.026623776451347,1.1574377503308435,1.3370756332113372
540,0.9885233990691449,1.1485982707771913,1.372630723578075
541,1.0283258710874916,1.125296401350192,1.331402511477082
542,1.030794317712441,1.1633441463899405,1.3534863271241584
543,1.0319142306327194,1.138976823274561,1.3593336632174362
544,0.9881726065893492,1.1530801969760205,1.34425755533998
545,1.0585464047614876,1.1594270456793878,1.3490044089520894
546,1.0094550142635137,1.1525339644429464,1.4030181876187655
547,1.0320499973032815,1.1203506954290767,1.3969115838548785
548,1.0469016638075892,1.1582990918066234,1.3285472292127913
549,1.023064425649111,1.1182993502659222,1.3338977098365077
550,1.0438120561366706,1.1102502807186265,1.3222790203981118
551,1.039086957470976,1.1611221428625382,1.3657080783728692
552,1.0597495778168495,1.1505481256634973,1.345489095540101
553,1.043585861993816,1.1674227718812749,1.3605596951995813
554,0.9934456555115289,1.120316830375862,1.3709316323959893
555,1.0326952849053839,1.143367206232081,1.3968002514612252
556,1.0207153376387281,1.1352704248058731,1.3686067438309721
557,1.0222477287978853,1.172248044136617,1.3750917299017211
558,1.0803779030916345,1.1326508864951874,1.3655666188569784
559,1.0353061239029886,1.1372937934753478,1.3738574442203542
560,1.0317064104492588,1.1382735189320536,1.3644985271240981
561,1.0382728821268774,1.1468688086498888,1.3804426599663298
562,1.0230322155346956,1.1575612930857857,1.3920620959045584
563,1.0513046853056867,1.1286368173997297,1.3600673804122652
564,1.0265576744204203,1.1554762450457472,1.391306483440989
565,1.0508340697578875,1.1803303216385805,1.3292616945310085
566,1.0254176743459242,1.1448781261883425,1.3860390012241435
567,1.0238914008697177,1.1835986424666518,1.391304166108213
568,1.052897286855456,1.1744614153464945,1.347362406350075
569,1.051379865151614,1.1900757698153075,1.3828422625012806
570,1.053246419818209,1.1487801820524877,1.4096930928784788
571,1.035189711218009,1.1298662169811817,1.3908589092788344
572,1.019532473006468,1.1430915326763265,1.365660631234913
573,1.0682423139789958,1.2052093492026903,1.3614009515787993
574,1.0356769077866557,1.1413715351895906,1.3303887516225068
575,1.0072951542176294,1.1063832024735933,1.3588341472174783
576,1.0215859166823407,1.158193564483228,1.3614073380777263
577,1.029307327923394,1.1056205421521703,1.3831035617337992
578,1.0035907621408142,1.1655522556321107,1.3780120107292717
579,1.047115148467259,1.1451107828801699,1.3493354503409636
580,1.013371683897762,1.1800518592320062,1.359262192554727
581,1.0381392101458964,1.1455547223183766,1.3609116308627602
582,1.0321961443577818,1.1645728598596492,1.4003371574787724
583,1.0143448430938993,1.160055185566899,1.361189579418704
584,1.0505353738579548,1.1664432622819896,1.3888529813469785
585,1.0461552404148102,1.1453963929321576,1.3718856422579204
586,1.023571917732766,1.15489382367288,1.337413605773464
587,0.9951032501062436,1.1284222625228932,1.378062803326063
588,1.0094890563613947,1.1654491377272531,1.3589098935186952
589,1.0036458328723687,1.122979708346561,1.4144237103923847
590,1.0107951768946841,1.1055410452150025,1.3409906189003118
591,1.0335122095026614,1.1520126476919719,1.37114411600379
592,0.9990329220988118,1.1619272106745582,1.3160408725790833
593,1.0600519734192162,1.1570389909667642,1.3145265241970263
594,1.0312066297441116,1.173601903075825,1.3958793041911217
595,1.001094338448978,1.1928650050890774,1.3608918812405746
596,1.0363220668141566,1.1812401119291553,1.3758514594202085
597,1.0328819316483138,1.1576889680668496,1.3669274546725056
598,1.0490396812416192,1.1903464842284566,1.3872165491651098
599,0.9895371309329772,1.1547941276695393,1.3756312891976852
600,1.0589188925472137,1.1430380669452185,1.372674142044235
601,1.059312772502272,1.163475382640176,1.3898803880271846
602,1.02077639537213,1.1642974619250435,1.3201557803694384
603,1.0590027705514005,1.1794152793428838,1.3780535058527343
604,1.0303394487584319,1.1603706163262124,1.363907739420759
605,1.0385633407044557,1.1833922225224327,1.3670244138648664
606,1.0405811095275583,1.159833697043096,1.360155454869917
607,1.0208963102711663,1.1928465194582312,1.3957331257904633
608,1.055506831365534,1.17432398761623,1.4154328798053621
609,1.0278489079551114,1.1429834994662027,1.38512410672727
610,1.005227454930012,1.178565209520843,1.3476473045470514
611,1.039216409014676,1.1696290738719357,1.3968340116505893
612,0.9851972654656482,1.1445148131729523,1.3840652496624088
613,1.0234795621837423,1.1236570637846037,1.3582670971614346
614,1.0242869498779283,1.143739960150384,1.335454566583918
615,1.0259244426499816,1.1658535060848518,1.3702732214681665
616,1.0481242629137795,1.210718257267892,1.357871629163204
617,0.9775452262503546,1.1405699013116988,1.369570324267924
618,1.0193946831710494,1.1836266955420922,1.3298659146371854
619,1.0089917234453885,1.1335632568583272,1.3879356367442846
620,1.034208318047711,1.1395775046725198,1.332974808181388
621,1.034479052877174,1.1720253413076966,1.3354527650238757
622,1.0170853196391274,1.183947343974457,1.3831698751949029
623,0.9851533410846828,1.1916037097556786,1.3913663477225044
624,1.054201577439131,1.2109531155225435,1.3889419227400595
625,1.0194652236346644,1.1664100207794654,1.409819637791551
626,1.0271838801734918,1.176889227514987,1.3967820040717165
627,1.0284421980092884,1.1589719126977318,1.386202465863829
628,1.0416435399422344,1.1426593813883505,1.3254357597097535
629,1.0161490134889808,1.12292778279121,1.3936561165975347
630,1.0329206234525752,1.1707719003669081,1.398182254261375
631,1.014268072507642,1.1793225027138499,1.362320114664533
632,1.071439493215542,1.1769549930657106,1.3814451692341494
633,1.0114865611413582,1.1621947676552915,1.384973362990061
634,1.035844389108221,1.158055178507937,1.3697533907419621
635,1.0648320811641994,1.1714399854478954,1.3668612920593939
636,1.0058944900216429,1.196297943040896,1.3405858699818467
637,1.022179842395873,1.1393101003652975,1.3904739576586596
638,1.0117167371263913,1.154166093806603,1.3386209048280886
639,1.0577851901289295,1.1621786622918788,1.3939510159418245
640,1.0258081722932888,1.168442824481731,1.3950407598648893
641,1.0401736364092211,1.1533914726432726,1.4143199427978048
642,1.0325077043389237,1.146861783075298,1.3781744302606311
643,1.0371858857979763,1.1743262033052806,1.4087143637853186
644,1.0299909328644974,1.17783040380734,1.3871982307703286
645,1.067069580477854,1.1502456186352172,1.3165512868180471
646,1.0706917175544177,1.1731831711894947,1.3450803893499221
647,1.0515330157420544,1.1877545996949712,1.334796473333225
648,1.0362244946538526,1.1696363950612074,1.388648310574733
649,1.0397277152982125,1.151334170503643,1.3430379521596452
650,1.0152904518293915,1.138840044389979,1.43416671174846
651,1.0517853871957257,1.1701892137356513,1.374245070752
652,1.083818920288703,1.189206462922744,1.4172948732843396
653,1.046834637563429,1.1873312364164852,1.4021641284044075
654,1.0126752162393944,1.1488547668670286,1.3941581028889949
655,1.0542836859129676,1.1758346322916793,1.3646258137628775
656,0.9952215534155743,1.2017526541040022,1.364173512111678
657,1.033018599035544,1.1589056767852723,1.3908030319210036
658,1.0203743317269816,1.1493678438046024,1.3799163262273666
659,1.0246885210670047,1.1854964841037807,1.357833937680844
660,1.0188989779512936,1.1889017072980392,1.3317599097429969
661,1.0411748373279035,1.1723777018839754,1.372788704805493
662,1.0389161601386898,1.1183955525827312,1.4068020676771358
663,1.0369755690942508,1.1668873821528478,1.411016720264208
664,1.0136546470835512,1.1818351467537647,1.4011242517304152
665,1.0351397377812994,1.1364926932275539,1.3662361871790984
666,1.04344271869422,1.1518871989032067,1.4005745607392988
667,1.0144209023861377,1.1713602671426924,1.3539154086177494
668,1.0350742941881803,1.1786268045658406,1.3644796890280726
669,1.0431479083906912,1.2034302871329399,1.4326907259297759
670,0.9932300591282424,1.2148890614058978,1.3714275415796104
671,1.0509808358996715,1.1498830564148124,1.36754226155075
672,1.0529725688804827,1.151306123801848,1.356976122875705
673,1.0349447927671682,1.149026017298137,1.3991970152901294
674,1.0357676018573152,1.170389342110357,1.3783124710643462
675,1.0425389635481934,1.1875781273536625,1.3433766193359418
676,1.0285512840928968,1.1667969029275773,1.339265151832863
677,1.0216269619450014,1.1910088392052196,1.3488545604237385
678,0.9947111467736559,1.1929308059883441,1.3775096643634437
679,1.0509183881963404,1.1913997304623418,1.4174610225640396
680,1.0662179566604542,1.1921005754848992,1.3385557985760042
681,1.0136140415895416,1.1541924349161548,1.3525191793810805
682,1.0515882460105908,1.1635663505152334,1.3930556289136191
683,1.004508668810473,1.2003499493578427,1.3967145788067732
684,0.986733698550759,1.2257745557803503,1.3943128481189768
685,1.0654988832102161,1.1592930352346436,1.3763972468365449
686,1.0571718699038857,1.1676377951333634,1.354315419022877
687,1.0447563001361844,1.170299041592788,1.3832948498332562
688,1.0290199040028176,1.156642272730316,1.3597698052257718
689,1.0346345478123882,1.1968822468476248,1.3793609953125778
690,1.0409429600673579,1.1813161368515963,1.3419849148519418
691,1.0336077487324702,1.2150039239146662,1.420601086947682
692,1.0523602895966597,1.2159938254200366,1.4357933366960074
693,1.018980755136229,1.2001229383830712,1.4053065187761595
694,1.0150322633710789,1.207220166994718,1.3589768942590121
695,1.045390212906062,1.174508916961986,1.3673454302222918
696,1.0242752353272133,1.1998556458304124,1.4367035139452236
697,1.068583382707869,1.174013354088611,1.3336349929617477
698,1.0402526118064166,1.1487212157502296,1.3784727261273704
699,1.0448969968473765,1.1501314123722426,1.323332631542409
700,1.0228331998095876,1.1399288136182573,1.4384591227502377
701,1.024547512435632,1.1762272223485446,1.4069230685672622
702,1.0682341215357154,1.190640536899086,1.4048773903976732
703,1.0077633090908078,1.1880754218590837,1.3697699588010792
704,1.0377735617896078,1.2165732736158263,1.3662491258192508
705,1.027856512269719,1.206928121031719,1.4034217907856357
706,1.0360038726073653,1.1654203782083656,1.3777266350762463
707,1.0435157446634202,1.1867091394301286,1.3478728366349881
708,1.0355394969108822,1.1874991701210311,1.3959427988545174
709,1.0239228165119099,1.188339819966924,1.3693478891309672
710,1.0278930626218619,1.1450215012550398,1.3661705300627047
711,0.9746423843339165,1.196514482390408,1.39426812736497
712,1.0617038734029451,1.1857159269949507,1.381914959322827
713,1.0195491614047174,1.2147082108044016,1.3922313718687622
714,1.0100309355922594,1.1524698311290176,1.361783739812133
715,1.0164909543485254,1.2076444440010847,1.3479528290699796
716,1.0295663823014995,1.1963232214134465,1.4112917292182996
717,1.0634090702718322,1.2016163003658211,1.3621891680680356
718,1.0397962747643534,1.1880927096291118,1.4154060768279626
719,0.9753469273847905,1.1854019074992224,1.3739660410960728
720,1.0209275267383247,1.1686853994016269,1.3734554233338492
721,1.0482363542294604,1.1922876307347627,1.394303200901981
722,1.0129923653112427,1.1533753572534204,1.3523466315710686
723,1.0314179058562223,1.166504121420848,1.3869262083258143
724,1.040349440845325,1.1828864687365337,1.3945254467670567
725,1.0415236980308982,1.1837646653134253,1.4092789142110618
726,1.0356596161217018,1.171431738525331,1.386995086712556
727,1.0406554922558076,1.172806755722642,1.3328004382955077
728,1.0176940675338226,1.1372769733980095,1.394911396556586
729,1.0272465247777525,1.1985790932421687,1.3246437996963853
730,1.0256072883097096,1.2007374381116183,1.3299475134450442
731,1.0400764670482086,1.2312374119557792,1.3817091393067205
732,1.0661715401025393,1.218142508691292,1.3093275544664662
733,1.0299659884697865,1.1972601570853403,1.3735358776943347
734,1.0445014489619306,1.1991032579732035,1.355318869614027
735,1.0197254630847385,1.190513264182453,1.3888658830160563
736,1.037546188867337,1.1691399583489441,1.3512704998896563
737,1.0081401643991181,1.1693939655633911,1.3767847090854723
738,1.0307999173187654,1.1638919840175022,1.3735707200834604
739,1.045021920213965,1.1752354486596845,1.3715083131129733
740,1.07408367079554,1.186994712558952,1.3344658229334705
741,1.0425967548991375,1.193763821993877,1.3950179381241619
742,1.0690962854791253,1.2167268550396622,1.4331008052006338
743,1.0542249318581343,1.1893984314675727,1.3704309681332807
744,1.0245169247983892,1.2029084230052798,1.362300330432367
745,1.054129098834389,1.2264378962341078,1.3994733239961885
746,1.0441469347944576,1.1903226611357,1.3726951484058145
747,1.0471365381811866,1.1644622124623907,1.3765664091305223
748,1.0384946656385865,1.2102301950801473,1.419777854365331
749,1.0344895188938061,1.2161801368855967,1.3712288146335703
750,1.0552467244433867,1.1774430334372485,1.3923951110780852
751,1.0497684541325363,1.1593376087925245,1.3688531877320542
752,0.9721541696754009,1.2180697959261404,1.3753907136258994
753,1.0246071369418364,1.159621337866287,1.3998588501321325
754,1.0271056888732564,1.2055496069522122,1.3857511431836524
755,1.038170470698692,1.182974427724523,1.3716401010126833
756,1.0339158707706047,1.1818119052091234,1.3994689014551445
757,1.0028639120600225,1.1576179001306015,1.3513003642995538
758,1.019648523653973,1.2143900466475233,1.4000495017134564
759,1.0526960431719248,1.1661309353701457,1.386320402566187
760,1.0422904791596075,1.1645768759675532,1.4093539308591352
761,1.0229695984451923,1.1685219133407716,1.3977429710055955
762,1.0030983147270809,1.1625355569456257,1.3246916847699246
763,1.0322384163135934,1.1523074519278589,1.4311129703688426
764,1.048786123947436,1.209677465171132,1.3771760818420096
765,0.9914091695774009,1.1763437931816532,1.3328728122144617
766,1.028871120446875,1.2047229325497275,1.3810330374583364
767,1.039047042742104,1.2023874022652101,1.3866350928218831
768,1.0463753379482943,1.1798101875378075,1.3667188490195332
769,1.0605862166796869,1.2005422611534906,1.3829615501554062
770,0.9820074341802336,1.1808272351677562,1.4281766623677468
771,1.03173342276044,1.1934167127874074,1.3594238834255594
772,1.0115439757321392,1.1951990421920713,1.416146843414817
773,1.037405026552316,1.2364171962197426,1.347580886285447
774,1.0336281308068251,1.1993351737276507,1.3558778703106473
775,1.0467878637145762,1.2095747019953003,1.351934012426083
776,1.05931230751754,1.2025665803060968,1.37330086152233
777,1.0258337719724275,1.1758615867240176,1.4036230966477483
778,1.0303939111971196,1.1704831104072448,1.391999977022983
779,1.0812019280887843,1.18487715238715,1.4182970611082044
780,1.0253932731480795,1.195671990445167,1.3880593363787024
781,1.0522727135542307,1.2101628773708224,1.3635847313475973
782,1.0282158218725204,1.1811900741893082,1.34651357067126
783,1.063744594590067,1.200806266738825,1.4117135882682226
784,1.0740059132473008,1.1597435086659886,1.3655041183680832
785,1.0737867006689645,1.2235376995734308,1.3845721514227451
786,1.032781025929397,1.1652373095082929,1.3582827635142138
787,1.0552873157553515,1.1881118859052093,1.3871932920149685
788,1.0346473669943215,1.1739963040628298,1.3715750154957427
789,1.012035614764166,1.173488333757461,1.3563810535580407
790,1.0447917245736313,1.1956229672376126,1.4035686764317812
791,1.0118589442844617,1.1991917803207084,1.4089811378809376
792,1.0673162543176846,1.191349276739533,1.3635768794973913
793,1.032142948651843,1.174113861558762,1.3356082597618526
794,1.0441742393167726,1.1880547222307192,1.3894270330655953
795,1.0113505241754102,1.2236622653198046,1.4197795444912316
796,1.0097976340599706,1.2095688636029753,1.4447632955754326
797,1.0190205358412325,1.2042686105124294,1.3917751908216285
798,1.080260840348712,1.20920304345431,1.3218782150148882
799,1.043481806710828,1.1696489177819474,1.387022462462561
800,1.0054740083679825,1.1806879563810377,1.4349270221661505
801,1.0219078115388966,1.2000006982057683,1.4161627202981675
802,1.0047115547531982,1.1956336154183738,1.3761128886448815
803,1.0230791129515635,1.1908895851954013,1.4067394050046538
804,1.0311483055998292,1.2217887817925932,1.402190812424163
805,1.0288354410505167,1.1848853069493872,1.4142642004448402
806,1.0398972457144735,1.1818887670145615,1.3925416173303102
807,1.075651978312678,1.2110426801334042,1.3772887118261101
808,1.0398095704531878,1.2033307683483412,1.4049210914332697
809,1.0543747438152447,1.2216154710628484,1.3985792318928418
810,1.038193098052047,1.1790196230319832,1.3907181708093486
811,1.0450018479515644,1.1950188032051903,1.3587394191334008
812,1.059391803559297,1.1793532924366052,1.371606419469441
813,1.017047371624252,1.2658095305757422,1.3642917175110125
814,1.0489207828171678,1.203538091025263,1.3633649778869692
815,1.0268875642215929,1.1880264626405592,1.4486546274814347
816,1.0137603792766408,1.1893861379127768,1.361351552233994
817,1.0296059063507874,1.198531859200503,1.3889839425971473
818,1.0272750321962576,1.2164919920838115,1.383203035099332
819,1.0412206740068426,1.2036322152593455,1.4146038593681964
820,1.0517810281967954,1.2139115225774082,1.40766659031899
821,1.0099763870945668,1.2168815729237026,1.4091882495633068
822,1.0210274493217675,1.160192284986994,1.4206436111484047
823,1.0560074373454795,1.207868613093186,1.3870431572900392
824,1.0479587555088732,1.2390098438259889,1.3637303020580767
825,1.0423873855906696,1.2154840376478055,1.3963859032234438
826,1.0181481143797104,1.202170542879283,1.390204592738766
827,1.0320756083433267,1.2350488240550623,1.4033203279410993
828,1.0002554830289512,1.1967047475063088,1.357875253537044
829,1.032080626562593,1.2240519961074283,1.3913103704993264
830,1.0261942398322692,1.2312263667892167,1.3871086589148742
831,1.0093579779981137,1.1628715280592585,1.4053312531028515
832,1.0206776230097894,1.227667278972559,1.4143189100073124
833,1.0398517410865062,1.2103045719046825,1.408321245417414
834,1.0619010638761082,1.207215564833147,1.404144020121427
835,1.0295068346249687,1.1782585275102275,1.3813631235404438
836,0.9997364881291194,1.2090518033936222,1.4065667353294105
837,1.0572549331491645,1.2324470848010922,1.3850656728494233
838,1.0030770891669065,1.143882802922747,1.383114500525062
839,1.031897371502613,1.1836754176318725,1.432105409858583
840,1.0129234194884844,1.2232528116643433,1.3515583569014702
841,1.0473805553188091,1.1985217397070171,1.3826437165895646
842,1.0477299746446471,1.1750844147379078,1.3667948797271452
843,1.0467986712287771,1.2322102102344983,1.3923091801187488
844,1.0164576154384817,1.2229835079460916,1.3444167839945524
845,1.011924358136117,1.2108436651272334,1.353595594338191
846,1.0478945271988847,1.2023579248850151,1.365878631583538
847,1.0355759102050335,1.2087029482926488,1.3610489693617844
848,1.0128062489399514,1.2304003397404135,1.3818175322703543
849,1.0153286553279275,1.1973475966546634,1.3450878262838009
850,1.0268963462077758,1.191777953069772,1.3471454841497164
851,0.9901773331550512,1.2309440195357235,1.4212741193410343
852,1.0350313125968686,1.2524923820865017,1.3594065274172729
853,1.0588078466375601,1.1981579386567949,1.3723095428219088
854,1.021445203343566,1.165761157696855,1.423191752576031
855,1.0340476648151082,1.2080849892749979,1.3642056106818476
856,1.0401571307112296,1.2324772017149612,1.3827965618421174
857,1.0558135028716251,1.1858716911214344,1.409654658631925
858,1.0501396926221411,1.2301124369911036,1.3774334491729363
859,1.0287382876842233,1.2325913813935578,1.3866231178139687
860,1.0357524222035903,1.2526493124333038,1.3828519637885246
861,1.0297245491609262,1.2103308705134788,1.423935127902487
862,0.9657476528565636,1.2200978830085791,1.3839384254611302
863,1.0348910760777446,1.2003498830367307,1.4207311540980982
864,1.0126197013102045,1.2232691066925245,1.3448963503300004
865,1.0396364287167847,1.1983668653859951,1.4002900116298704
866,1.0197549083776765,1.2503264998553538,1.348136338387465
867,1.0481896249948486,1.210635780853561,1.3749707429458158
868,1.0378366351285795,1.1968264344104018,1.3552886331647576
869,0.9762718520003989,1.2160382711992124,1.3294539078469496
870,0.993373954608595,1.177412798340571,1.4077675495350634
871,1.0450871287061256,1.2201415366606478,1.4453206796185516
872,1.0262427212473628,1.2390996206691762,1.3945531269584202
873,1.0026004112847928,1.2132348358715628,1.41797462499682
874,1.0579116694682305,1.2254967951358948,1.417310025601679
875,1.0473095203422842,1.2132032121755147,1.4008453210863452
876,1.0430452261415541,1.232422307931692,1.4017472174373995
877,1.0150792875289876,1.2572598962304646,1.415844226364673
878,1.0477316238591419,1.2289631734691087,1.3343682592357946
879,1.023355522783691,1.2420232828174465,1.4506772064321578
880,1.024416720921961,1.2248916443064264,1.4157365991383857
881,1.0412696900174563,1.189391724104566,1.3964653137912946
882,1.0565588793315697,1.206398279324142,1.3816611036777933
883,1.0331077876863026,1.1986231228479,1.4089593064274266
884,1.0418348293394637,1.2272037427448683,1.4324640652518004
885,1.0398037026450306,1.215871657262566,1.3608690831464314
886,1.0089069658218077,1.2039721008276028,1.3873731298429905
887,1.024713014637989,1.2731568964616726,1.3672615963942798
888,1.0249277251809321,1.1950207586683508,1.3573344463039085
889,1.0575747193572946,1.2028342903259368,1.3822613230703669
890,1.0514816892915255,1.2350575820041019,1.4325649057513241
891,1.022124778111253,1.161245552351932,1.410603959142347
892,1.0574911150690205,1.1702632817776597,1.3746919008214393
893,1.0328175503792325,1.198299166632533,1.4037084989164126
894,1.0380996510731861,1.2423919013755416,1.4281669409417181
895,1.0635635493505389,1.1835557579918916,1.440548541776005
896,1.0448306658080575,1.1966894430903925,1.427526358019221
897,0.978369284150399,1.2443591722399236,1.3899973889443464
898,1.0458047454366317,1.2041630495890638,1.3555744702139185
899,1.075019831880953,1.1921260657021933,1.3817441302410618
900,1.0076372259870199,1.2443604002930981,1.3860889219952812
901,1.0391064555362672,1.230532277144239,1.3736922296361629
902,1.0278671078266433,1.235435519030568,1.393403804703634
903,1.0092663281178902,1.231942849832158,1.4157256160527276
904,1.0208025783858306,1.1866449101287326,1.3967661951153743
905,1.0207252315262696,1.2258112266197485,1.4141114171841846
906,0.9873354949435657,1.2290205232584013,1.3090424754871455
907,1.055413258921314,1.2187894053769346,1.433542023785381
908,1.0060261343952386,1.2335556068165805,1.3732351905785514
909,1.037426484866862,1.206119436636599,1.3919359804514937
910,1.0241131990009402,1.2132507396641972,1.4311498219641747
911,0.9967071457356358,1.232480931014498,1.3849091803237445
912,1.0293445353267978,1.1948957536287874,1.4013770261101992
913,1.0326140975284017,1.2321032582393796,1.4035868247733698
914,1.034875133596064,1.189476450934675,1.4265949516191754
915,1.0244409975710604,1.2082193765869818,1.384283800767886
916,1.0151731347532473,1.2084162956211153,1.414858066214591
917,1.0390900292638563,1.2565906821374744,1.4164498427079153
918,1.01700884077725,1.2561915956900433,1.3583711788409758
919,1.0576228740441747,1.2374011224191483,1.394712206579586
920,1.0175702620406804,1.2347042263818084,1.3536283912134033
921,1.0180170480195168,1.210818376053669,1.3811205899746786
922,1.0265293760050656,1.2077647684813753,1.4002037374507241
923,1.000584408574908,1.2726696688772312,1.4018141978476757
924,1.0332260435606317,1.1862660537925869,1.3913126833575606
925,1.0275908596524657,1.2317751097632361,1.3663172625358047
926,1.0243516495394442,1.1705800738847638,1.3956909294746345
927,1.039070926030968,1.2664182068740477,1.4303461772523625
928,1.0224534327743353,1.2203283443600186,1.4127839199516903
929,1.0549448853536803,1.222217446547438,1.4147314890823262
930,1.05471329560893,1.2454344652370928,1.4267724846424907
931,1.0627068789548242,1.199711820179057,1.4062723168880373
932,1.026722001446586,1.2464101154691563,1.3746628958782763
933,1.0079759982186929,1.2197189299783036,1.378013646876614
934,1.0054180854334747,1.226001832973,1.364457060958774
935,1.0426559010321632,1.2090588533452222,1.3689151935589885
936,1.0066603913934578,1.2238009043225133,1.412027824935621
937,1.0482460788222843,1.300980714929009,1.351668925336049
938,1.0443901343812518,1.2327675010857622,1.387908130769119
939,1.0171407694318892,1.2318116574521414,1.4057764929812833
940,1.0130208424981382,1.2313905595374388,1.4077984722818513
941,1.0113536556798968,1.2376645298062252,1.3552563815701821
942,1.0360091653871504,1.2260494053430768,1.400141691320295
943,1.04936540003675,1.225123727562849,1.3693712524740767
944,1.0095813551764743,1.2565209489018534,1.3904908096649513
945,1.0176161346875672,1.2391864643895292,1.4076605118629397
946,1.0228309487148006,1.194312966540614,1.3711694969267454
947,1.0128465866964518,1.1868562930227196,1.4031601318955587
948,1.0399099442366575,1.2062399849938827,1.3818548675484432
949,1.037393941505076,1.2700765664593026,1.4297841099112796
950,1.0597438757667959,1.2089139299476024,1.3775840532464876
951,1.0273033375760552,1.2298038550240682,1.4172159205274502
952,1.0360480356369464,1.2538515245470134,1.3752571278489745
953,1.0412871335804295,1.210563606191579,1.3860908844367428
954,0.9763806617851072,1.2117074634680067,1.3905367366982013
955,1.044216812631109,1.2054239763956693,1.362360804128782
956,1.0310307191839294,1.234037733012325,1.364840708865814
957,1.0517366413398734,1.202493826408722,1.4378789129334328
958,1.0214878275352177,1.248506536958256,1.3957248529888724
959,1.0436579052021775,1.259226742385421,1.383292618180811
960,1.0434514549260139,1.2362114208380188,1.404922034135817
961,1.0473059794191124,1.1968675596121061,1.4015131053717103
962,1.061404442413988,1.2354168425739938,1.4027309481463275
963,1.0355471650939754,1.2454088927693567,1.4103454842873797
964,1.0482034897054984,1.2198351010070039,1.4074641880548748
965,1.0535006382471799,1.2223929909046005,1.4299111733789824
966,1.0598212451869882,1.2303347713750854,1.4640060594532858
967,1.023788372802399,1.2173561818956538,1.3913174643333945
968,1.0258715230906932,1.2373850814015641,1.3814527214680925
969,1.0243489541677409,1.2632709720553945,1.3259885437278744
970,1.0554934011985186,1.2356111908020222,1.3990109702747817
971,1.0603487089689785,1.263066604564959,1.3591899150207474
972,1.0510955115430074,1.261139228502211,1.3534946731709532
973,1.0716933689684351,1.1818078828613516,1.3772667753913057
974,1.0682726200646184,1.2319815693544947,1.3649629826010459
975,1.00739459069541,1.2103727973629632,1.4270972036283411
976,1.00450045193143,1.2145692374555035,1.4072835510746475
977,1.0408009791737216,1.2516338607130266,1.3901742047195322
978,1.032209543201201,1.2055138197899546,1.40929994790334
979,1.0310806678427962,1.2056096523024635,1.3749246074672252
980,1.0113464002257384,1.2504329719133391,1.3677062055618052
981,0.9914389555338999,1.27285035493359,1.3897043015443693
982,1.0425360610038374,1.2251202683961526,1.4089060912053994
983,1.035846597573114,1.2537793770247831,1.352273085880922
984,1.0347786955643856,1.2327231430668042,1.3927973524844919
985,1.0398113798249669,1.2210387153322386,1.3716981703785363
986,1.028639956997365,1.2344358553829768,1.4024618903690136
987,1.0541117949092607,1.2479855567548084,1.406703486766513
988,1.0330750218212104,1.2411498946090427,1.3964713848146566
989,1.0375824194440473,1.2249326702083876,1.4147737367055522
990,1.0574033263783855,1.220804863172653,1.3836800104397493
991,1.0326971658500077,1.1905419627266993,1.342925656123734
992,1.0103104149114803,1.2601944385795847,1.3648016602923827
993,1.0543660460132906,1.2325294828872948,1.410659595711855
994,1.0253603961041131,1.2685905706005487,1.368961951992356
995,1.0331876524667092,1.216334421013016,1.383288825568886
996,1.0073778589769615,1.1977106211600719,1.4082731208800316
997,0.9740287500756606,1.214086165024054,1.364017001719136
998,1.0717295689366355,1.2303304124772942,1.4409385166382227
999,1.056701344427669,1.226872540754189,1.3728703353386804
