,ε = 0,ε = 0.01,ε = 0.1,ε = 0.5
0,0.004898267738054411,-0.013705223041050051,-0.021220372736363492,-0.060896860034644874
1,0.0212009567395924,-0.011596620563896117,0.01338379384149844,0.035417120920242455
2,-0.02207398042670946,0.06686965155011561,0.02907744191278152,0.04503956618682186
3,0.1217442078690383,0.08482381820008995,0.1323355822600754,0.01610311845476759
4,0.1403992755879966,0.16384926130571717,0.1994353587373129,0.1082402930747463
5,0.2811208073516217,0.2255263258375699,0.248815606656204,0.11077986940632668
6,0.35686986776208274,0.34378045913225275,0.312367062584113,0.13593682488992198
7,0.4086559565560071,0.43774493243171414,0.37268392894629754,0.22158623579494383
8,0.4758097054601242,0.4714449698339742,0.39708339873599857,0.23677343911314233
9,0.558620125408717,0.5380354845969926,0.4974788972128297,0.23119013002348524
10,0.5536706900569518,0.6109557826978793,0.49722049384231115,0.31266376514578365
11,0.6532517058685277,0.6385426713572732,0.5915180090771853,0.321716326685086
12,0.6902116608096857,0.7062894351985157,0.6108061155298907,0.3259118482289066
13,0.7313904762797248,0.7388325573570587,0.6408427543476699,0.37434466359981544
14,0.7463342085381082,0.7601176985911968,0.7115984716938419,0.4194524433426457
15,0.8302072728371647,0.7884567005019645,0.6868522122395386,0.37292402831681176
16,0.8468248946184473,0.7881663116410437,0.7505173808899186,0.46039494373678297
17,0.8593025559346915,0.8206531159837986,0.8083034401280855,0.4797792687453414
18,0.8428210453703472,0.8577820489405173,0.8138483976339094,0.42408902835959555
19,0.8944579682275798,0.8638935752343723,0.8185258839509643,0.4722760424285581
20,0.936880128467781,0.8050476468374586,0.8159055756279183,0.4882783740980898
21,0.9359767689823796,0.8874280177501391,0.8683478813617656,0.4489007338230141
22,0.9232438358058119,0.9101940583866571,0.8663372138374135,0.5292230970006305
23,0.9459464932062892,0.8818250610472523,0.8898073849948328,0.5305996905179566
24,0.9366441406559595,0.9124136228129376,0.8949549317256703,0.5221951374723582
25,0.9535692961420345,0.9983479409540789,0.8657640945286855,0.4970595142842621
26,0.9783018305085068,0.9433004535195016,0.8916572938226435,0.5558844361407358
27,0.9472584294209476,0.9320741536966797,0.905566247368386,0.5428467425569643
28,0.9671701588442625,0.9714622474584312,0.9121899166355376,0.5524403226480831
29,0.9903928842855081,0.9464190404517496,0.9253867737491676,0.5597789886123925
30,0.9932906515714562,0.9641231144190462,0.9029801528854519,0.6007041073777414
31,1.0082065838538887,0.955340557988806,0.9230882629687432,0.5999467609319361
32,1.0121643815527597,0.9384064299495763,0.9217662943816577,0.6409736718691613
33,0.972580384740192,0.9612820679205595,0.9423570863529012,0.6283085939735668
34,0.9859807697670624,0.91037082455021,0.8900984293320855,0.6643797454369371
35,1.0179397481044876,0.9566723741502862,0.928873681713957,0.6062864643197449
36,1.000951031656294,0.9263112477526079,0.9466647487442459,0.6245880928337595
37,1.005740101836454,0.980496357668331,0.9091595853879019,0.5761003123879307
38,1.0044718577849032,0.9803186486721361,0.9569582776229756,0.5944493871331038
39,0.9828739702600965,0.918028406637818,0.9736108256556629,0.6479183367078492
40,1.0047281563386063,0.9606702912300364,0.92062357475802,0.6469471826359965
41,1.0362338337569532,0.9764632799330348,0.9809649877382196,0.6555941616685338
42,1.0090190428404977,0.9783085692594394,0.9209739540578189,0.6503794206430175
43,0.9803801977953375,0.9592224656061804,0.9742410978779001,0.5589208111185463
44,0.9989009262626585,0.9624416509707838,0.9998235676131417,0.6436342973541173
45,1.0235208954853974,0.9702488804125214,1.0046052528007623,0.6292594790546638
46,1.017210501021719,0.9703484379002288,0.9782941834716616,0.6649739373656867
47,1.0154001256644958,0.9892052142684675,0.9783626615225539,0.6268248837682869
48,0.9868790510978603,1.0111566860165222,1.051849913849301,0.6570141105847579
49,1.0169230447951283,0.9803984262411276,1.000108252150302,0.6588747776270643
50,1.0052594319475954,0.9505353937695729,0.9955636217265749,0.6264889976448212
51,1.023291084530042,1.0201393092282145,0.9600428818072285,0.6701271605433174
52,1.0318146661971797,0.9325118378744124,1.0313611530657059,0.7220325424344465
53,0.9943735361808492,0.9794417052285133,1.0287515188189518,0.6881861455153382
54,0.9840802762405425,0.9776653650162724,0.9857718521898187,0.6131782806214646
55,1.0295563968103933,0.9811773777912639,1.0174809944681313,0.6495010197139245
56,0.9961125642523946,0.9948521069732245,0.9502873174650099,0.6795856981452518
57,1.0128031130936397,0.9819884547396036,0.9773415309704774,0.719271528652972
58,1.0222246534193888,0.9523921767402614,1.0572217519717928,0.7073242909919779
59,1.0256653973204555,0.9978243862003231,1.019136266160727,0.6621329611408091
60,0.9717065625580047,0.9793610743255008,1.031009062433067,0.70555619709854
61,1.002912191056509,0.9727880570227583,1.0288709937557987,0.607776136702043
62,1.0009214539827755,1.0307081967955687,1.0380558748983708,0.6863352197116801
63,0.9828873504502408,0.9644950043416072,1.0625820534157215,0.6590942589208643
64,0.996481142010298,0.9990263758799641,1.0091627288250102,0.6640380989647756
65,0.996823423087584,0.984424572543031,1.0212499256425942,0.6674386694508883
66,1.0278332824785053,0.9744249022358188,1.0533040969446352,0.7268282567813016
67,1.0370935497689464,1.017523688569997,1.0735713294640528,0.6740784249896328
68,1.0617234646654266,1.0666129984569783,1.0685045492028153,0.7144639440525328
69,1.0017321236915755,0.9723679781687511,1.0746521887662592,0.681318491728294
70,1.016353184398118,0.9890884010630675,1.0523311253160736,0.693882781609106
71,0.9919488556861591,0.9834850076087048,1.0658902539520436,0.6474900700884864
72,1.0180091809020888,0.9598715290261591,1.0598816587316635,0.7557594324877925
73,1.0793652921942112,1.017740968837813,1.0827471260609223,0.6666117770831117
74,1.0405143081191377,0.9952507940635613,1.0501461999273811,0.7061089638161504
75,1.0194801994660447,1.008373757017529,1.0885237394504057,0.6940415773416866
76,1.0352012434161602,0.9657046191099311,1.0437322749825007,0.7302179160421705
77,1.0345630266171861,1.0232376127163263,1.1064774849983083,0.7057942999101662
78,1.0054724785224332,0.964751207610389,1.0727613097110087,0.6648672265398614
79,1.0071266527169087,0.9917372001766348,1.0861050312360758,0.7244899952207625
80,0.9988148670122107,1.0133211518269314,1.0966688196347614,0.6781749287463915
81,1.0272915404725205,1.0173571117302964,1.0528418851624586,0.711085684396094
82,0.9875068883468174,1.0190882988927812,1.032746980612047,0.7058267185238677
83,1.021349339148513,1.021954868476046,1.0976403721503885,0.7246536832455646
84,1.0230411677643942,0.9744669826768542,1.0175987638880335,0.7562100745069245
85,0.9673888613035466,1.015051162346933,1.0956023588086483,0.7129594526696124
86,1.0230847155024108,0.9740697995552853,1.1082769172073923,0.7512790406261234
87,1.0196466718287207,1.011805383934452,1.0540824706822887,0.7012727166224569
88,1.0368060441384015,1.0106915249936967,1.0932253929138305,0.6962944815084655
89,1.016836773292028,0.9805112202302761,1.077721211531064,0.7414235203988429
90,0.983107292942449,1.0108333251511548,1.1491644980259494,0.7152186612260751
91,0.9853283231743719,0.9908969429790752,1.070629618266211,0.757399923279067
92,1.0168741662963354,0.9829932661342833,1.0750025743850138,0.7463564947645618
93,0.9996550401728848,0.9788768025101279,1.1007631189739961,0.6562285703373083
94,1.0220886921393717,0.9827093165661929,1.0920549250782643,0.7203211675142542
95,1.0402815857752084,1.013068703898102,1.0752879042502186,0.7162170088990311
96,1.0246952182845408,0.9758986328225018,1.07729467495499,0.7349681094066541
97,1.0369954817639877,1.0110391511770738,1.1091290530186353,0.7246251321229468
98,1.0169844084648654,1.0153221648856523,1.0614280572801662,0.7321680298086889
99,1.029583556345725,1.016008687679478,1.079762211962266,0.7144281597631318
100,1.0634296962689622,1.0157035712840132,1.0987857082633012,0.7526453089830132
101,1.0524402178306553,0.9867564660630109,1.0907020791052227,0.6472952140189341
102,1.0045959152859751,1.0146196398568017,1.0803234328467148,0.7471194081572391
103,1.0276181976583931,0.9592055100448279,1.090351836595434,0.7396963563594511
104,1.0269172719204163,1.0007897828637802,1.1358487565620097,0.7254043763974436
105,1.0086700179389985,1.0083955314847168,1.1041422716957194,0.7311662653786531
106,1.0190514861824833,1.028432031868853,1.1133704881958488,0.7161296958686818
107,1.056506438176695,1.0312904101824676,1.0963271783751065,0.7410303264995879
108,1.0255345391973505,0.9914955591691814,1.1598715013246956,0.667534366646179
109,1.0160932660663289,1.009593202755848,1.0931228112455715,0.6940854489103238
110,1.0070851723713437,1.0632421465050086,1.127854403722427,0.7291402887855908
111,1.02591530142261,0.9679632354440925,1.058832687712192,0.67523036215485
112,1.0384592032969098,1.0072254817334478,1.1395016681488137,0.7547793576755514
113,0.9976785402932329,1.021484831757513,1.1614160112139622,0.7874502676733027
114,1.0426355269659175,1.0382742526754123,1.08604412458773,0.7548563479342593
115,1.0156365405048582,0.9913955138502455,1.1504228709335422,0.7115672331310314
116,1.0151003160411105,1.0023063150023948,1.0890602801728013,0.7318185413262931
117,1.0134829060728505,1.0427112715141011,1.1051181504834595,0.7164152508896063
118,1.0410131701210208,1.0223270191553981,1.1609437535125837,0.7163597805717877
119,1.0427237194317054,0.9694291521256745,1.1336829746682415,0.6812204366168064
120,1.0238857023576977,1.0419874879894369,1.1554527442434643,0.778844262095171
121,0.9815352380941167,1.0126527641389378,1.1755029630210057,0.7344907521070897
122,1.0294247580909046,1.0359501916441702,1.1253190378492253,0.73785400889883
123,1.0374008162976998,1.0039816170367064,1.1533391621474933,0.7395841205130064
124,1.0285178549547769,1.020849156060973,1.1608233332644609,0.7371757567754035
125,1.0107910707384344,1.0491226721067746,1.149371335757538,0.7165108791741462
126,1.0524078380367061,1.0066107131560618,1.0729202477025914,0.7235656415291185
127,0.9739034826990746,1.0148099613687156,1.138230146178757,0.6947954060300717
128,1.0232527721820848,0.9971599721636194,1.123782484986753,0.7637155215506578
129,1.0108464272574027,1.0037019143658763,1.201812489005214,0.7371897738430028
130,1.0486787295167401,1.045554630657182,1.1614626396072953,0.7319864351161828
131,1.0269649023409027,0.9943582713094516,1.1555973438969502,0.7225692533474579
132,1.0011401285415862,1.0057064191744307,1.1677445529241148,0.7752360226796507
133,1.0312040989746374,1.0184707579048657,1.190522982853416,0.766865038762151
134,1.0178722655018702,1.0125825972775444,1.150954931241141,0.7783143516665864
135,1.0722632966640726,1.0412069698849236,1.1388061312677344,0.7216612719629658
136,1.0569256684954151,1.0327345437164994,1.1299757065531388,0.7073816480584728
137,1.0308245826086087,1.0153121774973966,1.1922553345750153,0.7193587682470868
138,1.0491610009304237,1.0314655919825864,1.1739466096352307,0.7530840918230169
139,1.0135549043184495,1.0477496975071,1.174611257116027,0.7298795207188146
140,1.0656069751340629,0.995923771652713,1.146762769093331,0.7265152336201712
141,1.0419082939054642,1.0310146074620665,1.150338738061758,0.7502947130798141
142,1.0504863954850747,1.0536364024880194,1.1267014503341166,0.7588246010396917
143,1.0304489647355326,0.9939485458550261,1.1532623665494353,0.7598465009122269
144,1.0179222995702293,1.0728206145175074,1.1530631032012033,0.7507615246242211
145,1.0125493469700015,1.0289470949156903,1.1782115539632583,0.7345906628561454
146,1.0417048991229556,1.0370807585685946,1.2232514190415105,0.7435937719227077
147,1.0332187594860347,1.0248550669957082,1.1262935169213995,0.7329709522819029
148,1.0409625572264398,1.010323231075607,1.1915284622977997,0.7022487550774076
149,1.0494378774968327,1.0218974887314125,1.18184065212049,0.7422326345601185
150,1.0489677711314167,1.0183676334225655,1.1816144000580615,0.7534198951045735
151,1.0094894005594006,1.020155411374568,1.1813930193996953,0.7897163283682435
152,1.002582663597248,1.059723469815965,1.168678934258026,0.7504549310245584
153,1.0504724511495838,1.0500064052085822,1.172523700704686,0.743467837659097
154,1.0426386514694428,1.0701127874870981,1.1342468678918571,0.7307780688388323
155,1.0242274801514062,1.0412497860103653,1.2462156910958693,0.8163267650935563
156,1.0056269915861276,0.9976501447176682,1.1419946184824317,0.7243790850145255
157,1.0075634716112616,1.0356397305120244,1.117964802902003,0.7003589780661621
158,1.0283603858086032,1.0349878642551646,1.1383250431152603,0.694060000205388
159,1.020460595015952,1.0837509872328728,1.1688980814552952,0.7612900829487215
160,1.0333282924665785,1.0213779220104295,1.1634527865800879,0.7837964139009593
161,1.058573200855598,1.0000655351960557,1.1777204697727834,0.8004888699950098
162,1.0451208560511536,1.0073783966506553,1.1878619022385977,0.7917211876218546
163,1.033872946980025,1.045868235664085,1.219554278545812,0.7353218657436442
164,1.0721869183779704,1.0596513799291531,1.2630567087652358,0.7373750356810805
165,1.0449153039248922,1.0534991123331883,1.2171571293565158,0.7446963115139029
166,1.009710374932964,1.0418499497359015,1.1868996144259572,0.791191926328411
167,1.0126219789998765,1.0193409230168757,1.198578987702815,0.7166286276622333
168,1.0290521738407528,1.0499952698891721,1.260216809116223,0.7488186857421822
169,1.0345484458597747,1.0592453493990852,1.1867772248516242,0.7856073284783408
170,1.0474735829520008,1.0156386581089514,1.2157674498008353,0.6834596363722125
171,1.0601747108083581,1.0341562511626394,1.2253996972917816,0.8261353645691124
172,1.0346288251422076,1.0554725863350147,1.1731107211764438,0.7447145769021002
173,1.0001728008714745,1.0449865978353083,1.2246371593843073,0.7350711577416551
174,1.0495006328964351,1.055705363784267,1.218717754687111,0.750404885245541
175,1.007561280492033,1.0542932292200178,1.2221366006610914,0.6863810013473404
176,1.017202765576274,1.0118820079383697,1.1984552319210455,0.7116278800604992
177,1.0114991814278336,1.011676840302136,1.224699958123869,0.7664528742304227
178,0.9763886086578109,1.0327374589171379,1.20023263571242,0.7545653972804075
179,1.0525078527478258,1.068964772197351,1.211986069445161,0.7623405757633926
180,1.037543086166925,1.0382277694135855,1.2276758163317254,0.7320372860914172
181,1.0210237711857848,1.0308545285068988,1.2349384327709683,0.7259322881611284
182,1.035261697460522,1.0774706342641354,1.191359716979789,0.7245267835271908
183,1.0468872014734427,1.0280933569597388,1.2440134909168368,0.7127263831104522
184,1.0255351087134552,1.0556315970550092,1.2148466601758163,0.7589833407960545
185,1.0395096576487994,1.022132495000654,1.2014927506703657,0.7334810403425619
186,1.0364980691308303,1.0632214224150431,1.2441498436869787,0.7271088205855757
187,1.0079276320713195,1.0443867572819308,1.2553668400396678,0.7114029341764367
188,0.9982263774729035,1.0762930093165364,1.2214465780470123,0.7419840160546266
189,1.0164308829953714,1.0369498479478385,1.2246466857517397,0.7447813454455081
190,1.0641438430071735,1.0461437991094118,1.2286067240761869,0.7025159151700349
191,1.0222739699540575,1.0697353178280198,1.2574213159837304,0.7465124746187869
192,1.0682842185065107,1.042252147066316,1.207886646673343,0.7444646611438793
193,1.0444425281588492,1.0403331629500876,1.2087910884615412,0.7676967224102357
194,1.039734869436589,1.0366661592866349,1.2232423194124926,0.7363562113923906
195,1.0806259535439617,1.0275239224717687,1.2587687442166142,0.8269189931653261
196,1.0235527685676673,1.0604347874843993,1.2270462695111872,0.743117267060608
197,1.028623456487833,1.0066187674768061,1.2422302706373458,0.7361201637417303
198,1.0671250180073482,1.019113409416769,1.2754175969307033,0.7396647101737215
199,0.9996250367166637,1.0223046963568758,1.227882893395239,0.7290446745525806
200,1.0212333967188656,1.0479337628123275,1.2322853754146585,0.7096918164134259
201,1.0355438249564946,1.014561989943547,1.2180545763724944,0.7356385028322097
202,1.027856781849668,1.0541457330849462,1.2401524994802509,0.7304316244038854
203,1.0464685815821346,1.0423297689816495,1.2508531209070854,0.7188794560193036
204,1.0442399431353646,1.0787272190250174,1.2318694910896866,0.7155097213948991
205,1.0554503294170572,1.0532153311910533,1.242206861357146,0.7803928173076449
206,1.030212141499508,1.0359447076227353,1.2445201320108759,0.7811739484870521
207,1.0466956213126428,1.0797282650432825,1.223641188681842,0.7203922450789602
208,1.017101923029546,1.0531738006033757,1.219537475905162,0.7529077514476992
209,1.0561170214128472,1.068589018509404,1.2410303691467308,0.703222705913615
210,1.0484871626862027,1.037292589405291,1.2117957753550492,0.8230802547461019
211,1.0719855712276094,1.0408423669288904,1.207925211819128,0.7787479569968323
212,1.0283494393770356,1.0518362415893807,1.249963711355113,0.7997364442988633
213,1.0466194868535312,1.0585879660235036,1.2569310811026375,0.7445006209924465
214,1.0670868436997694,1.0364929229453024,1.2734589507051697,0.7188604832113736
215,1.0180061279351442,1.0522250910132933,1.2307155778136443,0.7324990272038109
216,1.0423860585980642,1.1151896733228988,1.2536829172776573,0.7597372445026245
217,1.0203744249973448,1.0263000562037858,1.233473928355302,0.7200432462045965
218,1.0860882604416238,1.0378898909653773,1.2434892046932315,0.7626376030138124
219,1.0546334739850942,1.0565083157031345,1.2303240621312392,0.7010007202685424
220,1.0305776948484116,1.070492011475721,1.2709956677549534,0.7700739791380786
221,1.0440782402984092,1.0454845294743116,1.2194923605536947,0.7884403461984475
222,1.0076672738915018,1.0841799459691974,1.26202303912011,0.6573668406108972
223,1.02237149596834,1.055020444093087,1.2558949803063453,0.7602502741974663
224,1.040874899084978,1.0794477438988876,1.2504763622257173,0.7212527431195386
225,1.0557889372265086,1.0686930077189805,1.255173058703677,0.7114908092665112
226,1.01896374571321,1.0512156469434901,1.289207732424744,0.7370602573149235
227,1.011328819530137,1.0539281436079828,1.290478457240507,0.7386035583177079
228,1.0251200773621618,1.04176437404464,1.2165548444294625,0.7622486899860459
229,1.0462038342269635,1.0599059824466717,1.2495895972814437,0.7637125016167201
230,1.0127505550007985,1.066273837109466,1.2959787164012193,0.7610409885674828
231,1.049680173466304,1.0525496870470803,1.3221698959764099,0.7232016242005586
232,1.0084546228970643,1.0821023734411959,1.1937584510277965,0.8034307609077701
233,1.0343126431239011,1.0368061143412193,1.2421714270567696,0.752995743019281
234,1.0272296769822238,1.0919977077852687,1.2254262916440053,0.7945639285075617
235,0.9789766110354909,1.0219701195555457,1.30988776099191,0.7491892872009328
236,1.042940198551665,0.991161202377823,1.2434855764294221,0.7167305020207521
237,0.9860840040800637,1.046900580670582,1.2341719159853561,0.8002118506802436
238,1.0657887589291841,1.0816017290194624,1.2234403117087955,0.7362036692066354
239,1.05188093609752,0.9883836642592884,1.2733483182538088,0.7231188349033548
240,1.0377916853761004,1.0658670795740135,1.266056546473183,0.6892628690206668
241,1.0896607878279765,1.0834785622260905,1.2622333805315569,0.7238541317543302
242,1.0390809621245332,0.9810522828096083,1.2650001145999854,0.7751009464987052
243,1.058490745760992,1.0880617373994026,1.2715370937781554,0.7619105062853514
244,1.030285987877794,1.0453491630889127,1.238909604214764,0.7692151931812079
245,1.0098650788774304,1.0912012523516583,1.2320623683080538,0.766358557201168
246,0.9920676472464661,1.0652824572139699,1.279281909492141,0.7573289592877849
247,1.0248611892183126,1.08177737173575,1.2215383787422156,0.7128201120802141
248,1.0349456362092875,1.0359448112237328,1.3102560574348,0.7176194956845843
249,1.003610398045449,1.0837900049583429,1.2312713845192624,0.7534715077832885
250,1.0269669526782188,1.0551146079358962,1.2767437042596608,0.7845814799636494
251,1.0316334615225082,1.057594962006242,1.263290541363466,0.7294462666695828
252,1.0605181585771242,1.0458870542593335,1.2542986317059805,0.7601739823506494
253,1.0522517653760934,1.0685148380649243,1.2955517208634888,0.808139037896626
254,1.0501990015524834,1.0546411229392885,1.2380024608456124,0.7756529009130883
255,1.0112011422264582,1.0950138568742436,1.2472342675927874,0.7348519912378003
256,1.0556742598006292,1.0316160683450466,1.288274242092296,0.7239999893996887
257,1.039364225412386,1.0386053617634148,1.274930046472683,0.7883791288681393
258,1.0399469838223734,1.0700062627159277,1.2833415089864388,0.7375786980110434
259,1.0503224868417864,1.0507284552641345,1.3189753508406121,0.7427727582986472
260,1.025366219217593,1.0774575340505461,1.278730218222468,0.7283535885910709
261,1.0253891071276189,1.0512276412126544,1.2287033284579343,0.6578706698493091
262,1.046817987953366,1.0524364575209553,1.2799010358524252,0.7340077104676361
263,1.07365598681727,1.0443509908894957,1.2979109894094576,0.7392482897357815
264,1.0382771381956553,1.0593017959874413,1.2994163202305402,0.7887603467156921
265,1.0427362475841524,1.0540973791484014,1.2905151126768233,0.7647766812279506
266,1.006871372981883,1.0818793448149524,1.2934630349838763,0.7688138189427505
267,1.0480200936591086,1.0568849549241266,1.2997284381858547,0.7216203904287477
268,1.038129405513172,1.0404020821263447,1.3159085540067081,0.7477175482207012
269,0.9974925008532126,1.0574146527262374,1.3341541003258657,0.7736638638313871
270,1.0582772655907242,1.0107768733692841,1.2629133779219002,0.7622603014496976
271,1.0510838361537653,1.0342923991559267,1.270601882471423,0.7517444365449139
272,1.013912714317541,1.0445817851705437,1.2787843793506652,0.7653328300422836
273,1.0660172312902632,1.060345716094904,1.294242843809592,0.6901051276494319
274,1.0340163983524822,1.067835931302047,1.2825316492030243,0.7481524322098956
275,1.0298688519399284,1.0292529082114041,1.308984719519186,0.7436403316638983
276,1.0711686117467667,1.0376879403651489,1.332617219947308,0.7470495038815745
277,1.0390022259876186,1.06946610753621,1.268601519681225,0.7910650928420013
278,1.0601063792825591,1.0610853343354458,1.2693710701168792,0.7437193466098055
279,1.0277750385499134,1.0431594998212752,1.2812229345663153,0.7501242197911784
280,1.0185137519736824,1.0327986666028128,1.310278661374014,0.7729045316081675
281,1.0286329660197988,1.030075713197169,1.2683580530065015,0.7763019657258642
282,1.049047011938039,1.0893834794791353,1.3233593119260503,0.8094979342963392
283,1.013949354696121,1.117919974097678,1.27459457179135,0.7427593509097549
284,1.0005733654810276,1.0504693976153694,1.2375134879716196,0.7419598757845344
285,1.0217039884691095,1.0217708045696816,1.314212234331058,0.7310700297019066
286,1.006886763204391,1.0944798283085828,1.29734316538854,0.7693967297766937
287,1.0185284541224129,1.0733361005376891,1.2590949834701983,0.7155566628317152
288,1.031361027022288,1.073310753392103,1.300571935797977,0.7085554932250556
289,1.0347669470237109,1.0803497757913758,1.2846385927942052,0.7604879516071964
290,0.9859679675321272,1.0241118048779714,1.293266597494454,0.7221364402856401
291,1.0389804089543702,1.0667340607279416,1.278929205854846,0.7506654187856147
292,1.0610330352028883,1.1079103592894608,1.3116229697900894,0.7206400737537085
293,1.0239479905522189,1.0415854705291552,1.265034577680262,0.8195448284132079
294,1.0239274886637348,1.0695010015201338,1.310348322848243,0.7349977696224266
295,1.0200698262851562,1.0369424858417244,1.2883100241459713,0.7795266932934795
296,1.0344565413394775,1.0676909888638424,1.280389149124187,0.7527661614406309
297,1.0538971071966525,1.084383392012448,1.2327741103787946,0.6976217757474008
298,1.0611867737848206,1.088788058001111,1.2844401882655174,0.765654869775527
299,1.0433704158864487,1.090164093909144,1.3202410543909258,0.720998632177279
300,1.0516300367490128,1.1016072577016516,1.3061956845485332,0.758323762952037
301,1.035859632246284,1.0584549645630281,1.2289234487809695,0.7626004612068986
302,1.0368009630318638,1.0834038108749438,1.329090773670223,0.7148497166462742
303,1.0330359718388573,1.077471614435428,1.2674868705558877,0.8100630511300289
304,1.0534630539714724,1.046237965063834,1.300459264872252,0.7062335330081075
305,1.0393523857740035,1.0707890122372443,1.3089797745746878,0.6869141352304605
306,1.0392190066713751,1.0977834046558825,1.3143056939498594,0.7682234685872984
307,1.015371298130683,1.0847056492579414,1.2736079156711981,0.7404382770684861
308,1.0315313747735353,1.075053293831073,1.3035738055995272,0.7473713622866219
309,1.0509765584320427,1.0833646558002368,1.2775596376840388,0.7365209741089791
310,0.9973627665612007,1.12407136118952,1.3010163269487147,0.7869893111374997
311,1.0707700425769742,0.9999044413322626,1.3203294658919926,0.7555335809438941
312,1.0428901112938187,1.0775485472997248,1.3078407661074547,0.6866403553137073
313,1.0280467590301563,1.0365876645111332,1.2299753442941537,0.74714181990575
314,0.9950940538945178,1.0406088780846192,1.2778617740091307,0.7278830583911483
315,1.0242800771293994,1.0340834044862872,1.3490060846318288,0.7479230556684058
316,1.0182101527694412,1.0969126577512907,1.30653920400055,0.7212339375300053
317,1.0195979789289422,1.0683121468420373,1.290314523938835,0.7060462888718473
318,1.0358405039693053,1.0793580576720692,1.3483578316746894,0.7997064784084901
319,1.0124687201711162,1.0890930761440378,1.294495977202685,0.7009552497783103
320,1.0383114415273107,1.0762840461075074,1.3053888977098977,0.764480942023824
321,1.0098242229063736,1.0394614313454955,1.3284993087789216,0.7550034410610823
322,1.0507911184949712,1.0819279430752298,1.2442494152730956,0.734255260162275
323,0.9978971087728838,1.0711096726816813,1.2983963342147884,0.7414314022166627
324,1.0522591207346106,1.089953372614717,1.3020402620020657,0.7455513173649736
325,1.024735942258471,1.0843864235924507,1.3533793228239626,0.6793874609560845
326,1.0692123970999445,1.064610083275214,1.2731518442929004,0.7087512171473822
327,1.03630380526556,1.0772749258351872,1.3251084591542912,0.7488828017096539
328,1.0006565986467468,1.0946943697727096,1.3071041656495779,0.7622038924936118
329,0.9937654909604423,1.0864172389319984,1.347710898846125,0.7318635180266845
330,1.047578298036426,1.092928179551563,1.2575253860462487,0.697348305076098
331,1.050203742645293,1.078596330571272,1.3103083111836031,0.7735610277782871
332,0.9992730729315472,1.0716226558464346,1.2986633323769066,0.7552951513665787
333,1.0649911179116507,1.0433138926093446,1.266150555561884,0.7658391548590057
334,1.0209302758143002,1.0614355055338334,1.2874634955790059,0.7209107220453804
335,0.9957490993013471,1.082464942406813,1.296004817714559,0.7347160807782378
336,1.0081636419995677,1.0807353878550174,1.2736076553445046,0.7447704113722321
337,1.0017341021846173,1.0809413178561667,1.2736679739826078,0.7363116043564824
338,1.0377383444193133,1.0396046177122826,1.2614108988704529,0.7361428720099218
339,1.067975531806855,1.0708131729877355,1.3284377427733727,0.7941705016477915
340,1.045332476408398,1.0924145339817402,1.3077569571096104,0.7205512030779552
341,1.0025944667251139,1.0884295207016261,1.3050994447564055,0.7342416961826427
342,1.0543274391414261,1.0679936086819533,1.3018635891045254,0.7121906406462126
343,1.0471035551908299,1.0737488026451294,1.2876033776408158,0.7244645221071583
344,1.0581958149578752,1.0926950349992965,1.3405695951843026,0.8071262432433112
345,1.0201043376983006,1.0831123296654268,1.3114233670432738,0.7773571111631339
346,0.9894635223197097,1.108340231119213,1.293246541215971,0.7642016818755121
347,1.0316731877126986,1.0562233117723723,1.3420720661553092,0.777336027077787
348,1.0474215903490676,1.0956742066456697,1.308186278644853,0.7899545082439247
349,1.0148247312664143,1.1182670408969388,1.3015645380298198,0.7741637736194887
350,1.014046374146843,1.1128096931871458,1.3094353893626303,0.7666504083027111
351,1.0075654746645837,1.0902303901779815,1.32836125712966,0.7440211161947807
352,1.0320331708482176,1.085931049287529,1.3099077560501222,0.731427773552282
353,1.0352565074174873,1.128114960227111,1.284531001752367,0.7177717333817543
354,1.012170006035579,1.0892367264610108,1.29739246491189,0.7227219578009481
355,1.0231049615120948,1.0734631117225015,1.3001254634446577,0.739739119205633
356,1.0461208439685592,1.1225591787854863,1.3444267348268153,0.7915681328748378
357,0.9951340365064932,1.0870382273169408,1.2969587005382355,0.8381453209887263
358,1.052506953320605,1.0300475527613662,1.350713839864646,0.7175330551085574
359,0.991796128277201,1.0621618127950547,1.3435686931183768,0.7529493980834013
360,1.001402369064833,1.093795576539339,1.3579162141779324,0.7889966868677744
361,1.0297313983862586,1.0860813806397087,1.3044755687131693,0.779652875843495
362,1.022583004943607,1.0735639128489811,1.2855972149285844,0.7358268265756938
363,1.0488712530279132,1.0876755904168307,1.3145001224274142,0.8101482591676927
364,1.0323589444288013,1.0903203133097654,1.2789028379018323,0.7263191808579438
365,1.001258246539987,1.0540965370026674,1.3296738398764572,0.7384418533600053
366,1.0202222939896388,1.1149291035119846,1.3165176062111066,0.756430010744701
367,1.0044574901974748,1.0860851944823775,1.317504214461529,0.7771984780092976
368,1.0330326811849546,1.0512589965663168,1.3487919022665253,0.8312822052392494
369,1.0252693609567374,1.0891845331838361,1.3330767113675845,0.7756554120524981
370,1.0104838624806174,1.0988132124110157,1.2731324745179187,0.7801188669876323
371,1.0347662007887084,1.12430791298286,1.3456847833783068,0.7375309494593266
372,1.034941514169559,1.1255632628631818,1.327098311611952,0.7981916424170049
373,1.0684628463932855,1.1143568613391739,1.3166830465839348,0.8068139667726125
374,1.0555292944539028,1.106446198900198,1.3294926586049458,0.8028565505207385
375,1.0291054905380912,1.1289090509927993,1.3580307749152811,0.698930522381455
376,1.0016778720825175,1.0863272707432294,1.378430258855472,0.7716996452722069
377,1.034148032084538,1.1122750092879694,1.3342996100048632,0.7622491986444068
378,1.0478028550793335,1.0933736194842727,1.3424117788125067,0.7165177234647662
379,1.049683367313971,1.0698545113881965,1.3001893012275294,0.769595910931411
380,1.0163915894787312,1.0949750711995734,1.3331521739013465,0.7060035557258145
381,1.0608429445150758,1.1203612417171485,1.3033224359299747,0.7818101453401034
382,1.0256935566520506,1.1506690542216356,1.3448501803804898,0.6895027849047385
383,1.0362342187456037,1.1204425300695262,1.3741308861572183,0.7363744922430359
384,1.0240246678076856,1.047570562018592,1.2704649281919098,0.7907563424487322
385,1.0379599726657478,1.1068641411281783,1.3479678655335379,0.7627556281971859
386,1.039159546080867,1.0953749232389274,1.3104323859093396,0.7406306633379622
387,1.021157999980895,1.1145542131678434,1.3235344840150416,0.7331923536477687
388,1.0518039057628779,1.0899957427563147,1.303675228584261,0.7154838467429597
389,0.9938385495352893,1.0870879591416955,1.3514199208872806,0.7676235690292791
390,1.068791831690438,1.1188499237254959,1.2946581421441454,0.7903364986878608
391,0.9738992571919091,1.0943984637993263,1.336301705616146,0.6864345088887094
392,1.0221732256177656,1.1013428338004714,1.3579998573770464,0.7443144140918699
393,1.0345694881996172,1.0570229752539635,1.3080127888948347,0.7278741535701003
394,1.0319064870576808,1.090348560345813,1.3222946426414877,0.7419011166322765
395,0.9905583507078229,1.1012015529390495,1.3041987872167662,0.7663038189577924
396,1.0526417469688245,1.052492957212626,1.3243323862782757,0.767535230568667
397,1.0488139320774215,1.1124011434773962,1.2814099478608727,0.7430117819388311
398,1.0276877261025965,1.1024856829299288,1.3112801801322913,0.7084184161808479
399,1.0236720162942787,1.0902416037022036,1.2977194491750925,0.7259964803788541
400,1.0624808971604998,1.0472492019289803,1.281849548789194,0.7333186641801531
401,1.0213437132788457,1.125149917839837,1.3290001785108,0.7290765921315936
402,1.0093251185103191,1.0850323075425972,1.3239085945017093,0.7990599015079066
403,1.0393868040238923,1.0781329848279766,1.321945351892196,0.7189020080469963
404,1.0473864247670126,1.0901906491453304,1.3592201884454211,0.7913799666458917
405,1.0075728581315824,1.092978379682646,1.321862301098227,0.7752582249586463
406,1.057855588435681,1.0594534517733254,1.349672053264727,0.7467645273915507
407,1.0175417336475132,1.1330169499432945,1.3646164412200419,0.7941415967030773
408,1.0504172103199108,1.1238575148594778,1.3354889734335427,0.7902109502673916
409,1.0256006184974724,1.108279991933537,1.3387674654951334,0.7451121332672972
410,1.0529600231675653,1.073005198550879,1.3747148744284863,0.7892062773250947
411,1.0829424243473498,1.0798733149501618,1.3505862915239335,0.7515385196540589
412,1.038970291908568,1.124841337047849,1.3620009438710832,0.7825622529366821
413,1.018233090763461,1.0858891839464118,1.3526759124928867,0.7605541789414259
414,1.009854467801675,1.1127606230336828,1.329988502199098,0.7875683781831341
415,1.0332693653857452,1.095547045678798,1.3585325815848834,0.7147743601093791
416,1.0622954914416614,1.0867291491534008,1.374240186720489,0.8087741687543325
417,1.0325858235276508,1.1199462962884896,1.3115619377641075,0.7541901739582021
418,1.0059346141644625,1.0941425568537744,1.3488168412332115,0.7636456478675163
419,1.0287758573706096,1.1221258204881164,1.362195596671333,0.7676166872799309
420,1.0544028493969126,1.10987302319853,1.3205832443092962,0.7838508288190591
421,1.0629643449477224,1.0622056161989721,1.3442066166009536,0.7154655890247381
422,1.0329409590534957,1.091735278328922,1.316191652867367,0.702782774161912
423,1.0301043286826261,1.0883795316115006,1.3206037941652877,0.7343081092812604
424,1.0229080143140985,1.0812485882780623,1.3124558998607385,0.7075465709326748
425,1.0308940277522989,1.1004399660751283,1.3902280766895119,0.7260204695691007
426,1.0778009746239152,1.1086451479386046,1.3017278476038276,0.7793131016867537
427,1.0531270421562058,1.1042415457466723,1.399475977546136,0.7517707343516916
428,1.0324268922123703,1.1136081953434631,1.3391081941842868,0.7645351397081868
429,1.038198558989731,1.1079520010294568,1.3666569955328465,0.7566927833998282
430,1.0680069348226129,1.1567168053358727,1.3465186608745905,0.7548561446059002
431,1.0300062733086328,1.1417729392240419,1.3133084190291489,0.7207845551907645
432,1.0620308143443522,1.144015671821855,1.341002627340211,0.7716150383276787
433,1.0631130679925036,1.0694489038081851,1.3491128807589803,0.7085021692395176
434,1.0605380723284066,1.0990634595019784,1.3427229759789274,0.7064549353929263
435,1.0658767228682942,1.0988354547666044,1.2984865491074142,0.7907598714321323
436,1.0006151290983134,1.0757911782161755,1.3392072567579039,0.7187784350436879
437,1.025270814180185,1.1250039945554147,1.3472837760395981,0.7595764610564711
438,1.0017759936132915,1.0893375433906782,1.3300705485245208,0.7457155602946104
439,0.9980899420457885,1.0496102736546136,1.3309803394802466,0.6718646771469353
440,1.070589821905877,1.1216699462057569,1.3455905422135888,0.8073462675346289
441,0.9847106915385746,1.1145579853574459,1.3600829917173993,0.7699430787190864
442,1.0360919608402246,1.119445517619603,1.3323396709614277,0.710757222967871
443,1.0491176528211743,1.087499176681476,1.3110204507758372,0.7483815767976016
444,1.0674770462025864,1.1300829384833602,1.2872873005023102,0.7316472461014477
445,1.012750447445953,1.115178574325198,1.3224112041602425,0.779964905226814
446,1.0172551595219468,1.1197542247552943,1.335751649846043,0.7765446807260117
447,0.9984618691403678,1.0884629861162884,1.361459967675351,0.7714781324614172
448,1.0523754920415778,1.1478214185927635,1.3455257365313031,0.7356106175059202
449,1.0381519008933455,1.1236509029201474,1.3414931173157727,0.7902273681816878
450,1.0389424332873067,1.104697463197762,1.3512286141430654,0.7743021897028288
451,1.0569633016751836,1.1203746633139229,1.3775765053120634,0.7345652005431177
452,1.062544954947751,1.0691339338392731,1.337405407043404,0.7750455926606085
453,1.040100067587094,1.0656430108856343,1.3016890151529406,0.6768744110094556
454,1.017910420508353,1.0976896626102917,1.3211662890976628,0.7368269683007823
455,1.0588260681997559,1.1171849904813498,1.3243806148651311,0.7711884301133328
456,1.0440743834967325,1.0540343435471076,1.3342198095493123,0.6854027838910625
457,1.0772222712543136,1.1362896771134423,1.349197499859061,0.7198333743344285
458,1.0013134733110254,1.1070788720495965,1.3114430700711621,0.805703021650525
459,1.0271474602610113,1.097126512718529,1.3345521774610196,0.7669092929452521
460,1.0770739036982093,1.1338426390641239,1.3453170633185982,0.7193892898051795
461,1.0873683927767432,1.128917251520611,1.341056254693464,0.742931804003624
462,1.0250393467313847,1.0895195043330086,1.3807778295323891,0.7790838942543044
463,1.070075453871241,1.1312133405609943,1.3811004192043383,0.7421730434220253
464,1.0576113915057623,1.083889280885387,1.369986670749159,0.7197731994667647
465,1.025500365427234,1.1320287276027976,1.3216359399584838,0.702398988506347
466,1.0560862058721445,1.1400376132565755,1.3079131777317234,0.7480478289270435
467,1.0260982302969974,1.1109157803620937,1.3305757747081255,0.7464255690934105
468,1.0452241545327317,1.1366992715518405,1.3337124360586667,0.7419609878793676
469,1.0551059920222656,1.1478329054265752,1.3465045376044738,0.7401298217642859
470,1.0113284766680932,1.1178772918716322,1.3664204195616958,0.7556632204856364
471,1.0328211212951055,1.1100964179965562,1.3746331003847367,0.7743350562145501
472,1.0600540491726,1.1124415289225393,1.3332011538223882,0.7765717350418804
473,1.043661855125993,1.1130491996684797,1.3165173114604614,0.7965108318730153
474,1.0254063761458643,1.1103866828317122,1.3681719858276142,0.7396047993030597
475,1.0211103055640613,1.15827004204398,1.3239191696894568,0.7306118923458639
476,1.0133098170226074,1.0556293960796765,1.3302580743753274,0.7290222332898881
477,1.0110021723769076,1.0870774493793927,1.3477808271148315,0.760591587535659
478,1.0085519602571993,1.1187742968931005,1.3525386742326206,0.7137501890461567
479,0.9991693570756315,1.0892067011075148,1.3718539639004088,0.7397721921239956
480,1.0429636576883463,1.1221397490375793,1.371842753905136,0.760029682713709
481,1.0273224759233393,1.1127499405622472,1.354013868055696,0.7568497697629257
482,1.0467178296310653,1.1474269273544258,1.352976848536104,0.7864416471432186
483,1.0288370534073066,1.0881398032246534,1.335642190337519,0.7715281735182061
484,1.0929002637530305,1.127457633642588,1.3600948350600341,0.7962207283051496
485,1.046499434989793,1.092977291456713,1.3773769861783813,0.7678603366366488
486,1.0476648832363675,1.0887082921685087,1.3631049326108269,0.7404219105694712
487,1.0353677822360483,1.1138813046503708,1.3283769728470467,0.7053365354281143
488,1.0500340662676486,1.1201646558447742,1.358218288277154,0.7417726833268277
489,1.0156812562566162,1.1100751605324481,1.4052785652225557,0.7599823558665375
490,0.9994476754398274,1.1044561146640954,1.332745177776283,0.791965081387583
491,1.0509369455538844,1.082431448436534,1.363461816547381,0.7247730116941539
492,1.0249245519943038,1.1151125425899358,1.3599068066905406,0.7354665777904154
493,1.0387657322207051,1.1469981843409573,1.393403621785411,0.7347656018062024
494,0.9900026498827221,1.1335580556974916,1.3436358400305004,0.746462253142594
495,1.045720357787272,1.1283829024689693,1.352727819444895,0.7018286632835653
496,1.0288525330506646,1.1122840626613015,1.343041200658442,0.8049702974149096
497,1.0513178317758904,1.1494818922369463,1.3823496835138493,0.7161080678257615
498,0.9772367329477534,1.1214685416769452,1.3683940361281743,0.8067691035032049
499,1.0143308821485908,1.0847774274028443,1.3829437784705378,0.7465234182771913
500,1.0474638213880796,1.1302246887595055,1.4137893810127138,0.7945052463291722
501,1.0109171094254563,1.1301007075049672,1.3598795510966426,0.7215311382125049
502,1.0296676938945208,1.1154145687185746,1.347967955837983,0.780742508190698
503,1.0255362447461172,1.1285820560221873,1.3596981747517536,0.7616750602439828
504,1.0271723429361344,1.1349844122906172,1.3134672632243098,0.7099120664773254
505,1.0318934804738964,1.1120408879323445,1.3263395386081012,0.7436084775744483
506,1.0238035227520121,1.1197397669422093,1.3573678833400717,0.7616792799791707
507,1.0492518447350354,1.1100042792196623,1.3494491676441014,0.7719491973801261
508,1.073571688931266,1.1035637432124386,1.3261673265397125,0.7603821238547153
509,1.0232382317213449,1.1147065954896207,1.3509667652743178,0.7583908914611421
510,1.0304502797482586,1.0989299689350946,1.3678231865980524,0.7569126728427699
511,1.0015950355276135,1.1352913307049102,1.387428904084926,0.7726343958990467
512,1.033290596156281,1.096938507975753,1.3388190207268325,0.8033774015548782
513,1.0174851352375647,1.1246709577954879,1.3971433035832057,0.6866039696140408
514,1.0614005740731292,1.1142844393915639,1.3184706945205025,0.7618695361970227
515,1.0487578485846796,1.1246859662362252,1.3349182465269902,0.7975578065844875
516,1.0438375335659849,1.1063583491344071,1.3647682744282073,0.7895032974576955
517,1.0465941540951744,1.1047269923042464,1.4003121211515044,0.7589229524911435
518,0.9982700008525464,1.1347130361984332,1.325528812321517,0.7301991899583652
519,1.0078756775092539,1.1337002525091038,1.3181171097612883,0.744966175362501
520,1.049016799298739,1.114907715895908,1.346141425560641,0.7596241214650529
521,1.0135655337322749,1.1550772606263802,1.3710406937032358,0.7978905583499705
522,1.022434780518439,1.081634681873006,1.3329963210896645,0.7911176050214127
523,1.0251487382665263,1.1506621649250355,1.328854796609307,0.8306163158274069
524,1.0272251990552712,1.0532367027805967,1.3571282120369046,0.7452450469293852
525,1.0313242713262751,1.1444059555585,1.3163149821190674,0.7592675039803984
526,1.025891667044449,1.1638829863525368,1.3275258988943173,0.7267536786900636
527,1.0370121448859355,1.0950279464181172,1.3338058164051945,0.7410469269752205
528,1.0419099508169645,1.1339105179225795,1.3354542849703608,0.7675043285110992
529,1.06724422751741,1.1564438218909936,1.3366918366991334,0.7635672732775074
530,1.025836407733647,1.128529947635877,1.3573298937958593,0.797456289349761
531,1.0561375314176324,1.1245202751135952,1.3298828673495735,0.7896451051826178
532,1.055687585471067,1.1364666912850054,1.3308668013652056,0.7644207256936068
533,1.0162327327768372,1.1474416851179448,1.3268177412239097,0.7393423325396808
534,1.061360452838477,1.1006639761502603,1.3564647888113337,0.7596665174326404
535,1.0467968513972323,1.1168947334115347,1.3628126585344922,0.8205511403987389
536,1.0248747561276437,1.1488495954369282,1.3484180185374361,0.7378685774398461
537,1.0442040812147735,1.1216152260142402,1.4139742667574073,0.7597003550135075
538,1.0266961593996424,1.1316577668733598,1.3327354563851677,0.7124923531561899
539,1.0430383688032516,1.0959735284718917,1.358183781715903,0.7729025290997527
540,1.0394869166424396,1.076011556432994,1.3317013946370349,0.7914926803845219
541,1.0431794313658618,1.1347742366278104,1.3308458718442158,0.7351990771659854
542,1.0564495235126723,1.1090414473353138,1.3500706577519366,0.7929041022807733
543,1.033834715202036,1.1136435076238314,1.3249633695758811,0.7494577601967126
544,1.0572357758183215,1.123837340189163,1.349866108738394,0.7765838850379955
545,1.001771656266433,1.1015225130303243,1.3710138757978056,0.7597547820661849
546,1.0708729187179624,1.114635559633637,1.2890902061338791,0.7653898582913261
547,1.0311354574681306,1.115254601059809,1.3530218105652612,0.7460577646466532
548,1.0299148492642078,1.1298433257860208,1.345334519132301,0.7204448601855558
549,1.0410214952101797,1.140482603101622,1.3804913067121674,0.7450314268839602
550,1.0708595405301322,1.1268730950656127,1.416652819012223,0.7416054521539682
551,1.0649852553708956,1.1295187123830388,1.3807247194770276,0.7851988760691637
552,0.9891403420759608,1.0955716931391923,1.3736162143209483,0.7619793265474553
553,1.0222592839886615,1.1383591371540196,1.409160317634798,0.7029437317110698
554,0.995729957024532,1.1077925472428622,1.4022835444134396,0.7484397216345781
555,1.0292039207267754,1.092162502434781,1.3717496169543975,0.7662272370553437
556,1.0002896861372212,1.1586772839724235,1.342112610022427,0.7882605272287934
557,1.0438277625274532,1.1640982254933487,1.37451168642177,0.7788534901110296
558,1.0352172520313616,1.1480956472296953,1.3242319319691847,0.7424382205631698
559,1.0669835358530286,1.16075638540437,1.326188513803069,0.7360898504771047
560,1.0019830058478187,1.1082475999659123,1.365211871759844,0.6835532082323595
561,1.0540752665281659,1.1525776054112133,1.335764064530701,0.7488468804450867
562,1.0394515694247983,1.0969430790394203,1.3645567863098937,0.6890059888669708
563,1.0591320318745343,1.148179708215096,1.3707030724040747,0.7903836099373557
564,1.0564343890080945,1.1521309037880323,1.4060804362481354,0.7312900697339249
565,0.9825865038382683,1.1126221570649022,1.3559904762046777,0.832455695815443
566,1.0547234714819056,1.137653173992816,1.359669484654995,0.7683552698245524
567,1.0777796258215624,1.158983837218621,1.3504419267187608,0.731236998594338
568,1.0469050072883703,1.1169164954246213,1.3509889677779212,0.7726824586346005
569,1.0121063281731353,1.105701348637455,1.3160884747342918,0.6977008975132817
570,1.0190571827980526,1.1565084875948939,1.366374552507907,0.7767587364311369
571,1.0428777184135114,1.163836164409389,1.317181993069115,0.7841186945487009
572,1.0615554776213096,1.1177865329535517,1.3418239919351622,0.7432465451955231
573,1.0210841671811968,1.1393646559798736,1.3067224590157498,0.8050142036378819
574,1.0335638148173063,1.103321086653149,1.3198689660198715,0.7498105298634349
575,1.0158180787058482,1.095098295121472,1.325960964104536,0.7323257623005579
576,1.0371682482581612,1.146262569518217,1.338583524128093,0.7439416237044487
577,1.0753323928567398,1.1065835354191154,1.3298565885021418,0.7417875251531313
578,1.033005079692459,1.103216094780254,1.371244791990049,0.7285926614778961
579,0.988646478699975,1.1402117075171072,1.3479818687831697,0.7758748183761974
580,1.010627189952232,1.14324905321465,1.32684036064266,0.7955093947830635
581,1.0329149441192151,1.1397421525469722,1.3367004032988583,0.7118616175250274
582,1.0399573817792265,1.1369722099551662,1.3415493908187348,0.7272805053238738
583,1.043109385467093,1.1476107632865282,1.3682363460118403,0.722912769047595
584,1.0022594747837017,1.1594650387001124,1.3556199953654813,0.7606829862499662
585,1.0238904061070175,1.1048302324216699,1.341065633180328,0.7698286602075054
586,1.0612957250615909,1.1117662424491586,1.3202875640640845,0.7702277373471501
587,1.012341186825748,1.1544664970034497,1.3674296785867155,0.8014522963483539
588,1.0253592675973628,1.1085345145564776,1.275015092648357,0.7796907998872317
589,1.026790495150269,1.1017636029051356,1.3354859846849667,0.7714268514863784
590,1.040154757851027,1.1227973271523621,1.3728765913729553,0.7911615260053534
591,1.0412886644688875,1.116950106782162,1.367687538066645,0.7506527423120856
592,1.0441257768316958,1.1492320318091647,1.3702515537455986,0.7773537910876258
593,1.0469425804871682,1.1052428455860606,1.351164618688159,0.7834228112482069
594,1.0261924055657208,1.1593054634914548,1.340418640856174,0.7131434818086333
595,1.032460878685862,1.1272698985531124,1.3732946497718053,0.77132614152009
596,1.0207807667648876,1.1254700932806727,1.3588815201341198,0.7615054581402014
597,1.0485068045457937,1.1039034524689342,1.3204283649357704,0.7827848453402139
598,1.0093908935123093,1.15300725483511,1.377132514529506,0.7629958118350022
599,1.0745469768108158,1.1485015946447843,1.382982601445266,0.7308738832402306
600,1.049994874792529,1.1180879896205798,1.3735132592534447,0.7596952788141885
601,1.005421010226507,1.1070068320745488,1.3947794328463812,0.7326493745861837
602,1.0343217074620956,1.1520111177654173,1.389570412359774,0.7307704213525242
603,1.0322743457320516,1.1372533562255962,1.4155769493798434,0.7542506463844201
604,1.0217808412786193,1.124237275205226,1.3535602884736881,0.7287852639430997
605,1.0321732666614294,1.1450100031169204,1.347972797898607,0.775952290341241
606,1.0366575902999577,1.1749272232733847,1.312734659366362,0.7504634867246761
607,1.054368523214047,1.113263202135851,1.3452892513696164,0.7654076110192061
608,0.9888852396614257,1.1448492069145164,1.367460473587374,0.7519288477272312
609,1.0517828106108473,1.1072563977958954,1.4031410070708359,0.7437511289371554
610,1.026017921202041,1.1242099184358498,1.3395039875019712,0.7806158242620659
611,1.0563910062144153,1.1172137229513888,1.4186856044114953,0.6969775463753641
612,1.0863023047769078,1.1333568767759183,1.3871164199292243,0.7460800454744418
613,1.0178330136491258,1.1979247301705287,1.3782840625000594,0.7877848319887352
614,1.0743402418258088,1.1947109342820927,1.322835129249448,0.7946785137175222
615,1.0526093026506085,1.1234859796797023,1.3984544060913149,0.8013158629223863
616,1.0309935689219594,1.162861435695741,1.3941369729385242,0.7488118825087396
617,1.0129846993552574,1.1583423216660573,1.3942948006641243,0.7670105509314056
618,1.0670299195546515,1.159574851013888,1.362949938286019,0.7421938506660998
619,0.9734170279228179,1.1325979501139647,1.3409914269360574,0.7994162156042983
620,1.0885141746540339,1.1223032021917245,1.3294941021603597,0.7625330726374427
621,1.036633659996469,1.0974728654096062,1.3713226822976257,0.7982788716470045
622,1.0161293276157177,1.1743339844660208,1.3750952275773374,0.7846257407813034
623,1.0384869192452322,1.1153184134780796,1.3357943875684746,0.7100625279543507
624,1.0073064904529736,1.152960551798935,1.4121411137508373,0.6986839456684028
625,1.034498796768089,1.1426107900970064,1.3559606013334624,0.746450112917274
626,1.0239675568219861,1.122020340732422,1.405672888809544,0.8051086588181086
627,1.0639223194122855,1.1624204062726653,1.3659330304351185,0.7681364056046848
628,1.061588976107117,1.1586868336459055,1.3691610823925608,0.7518151196845513
629,1.0412646479845298,1.1658185189737884,1.3896256152016782,0.7343041749783618
630,1.0413867021961187,1.1880767080125543,1.3577623973163808,0.7754301420174242
631,1.0329962859913695,1.171352005765017,1.337290002598508,0.747094460344564
632,1.0175774302161946,1.1371084659107928,1.3488365011268262,0.7960392460192213
633,1.053964107818161,1.1187819263644592,1.3718075804646572,0.7105073440693173
634,1.0661693685836782,1.1617276833250931,1.359129712251919,0.7715325471389819
635,0.9933368325761294,1.1354444258000025,1.417098536949982,0.7586511849121205
636,1.0083858161278731,1.1233254327935152,1.3862804059494946,0.7656037873059575
637,1.0313279210599864,1.1221199252466585,1.3647933110752393,0.6947465407140349
638,1.0391871350986213,1.1929366526858236,1.3535372037599074,0.7610584091537359
639,1.0858513779064127,1.1337455902208227,1.3316694060140661,0.7992549460142165
640,1.0066834995312473,1.145144742995768,1.3643665967668084,0.7305217715649532
641,1.0843420861970108,1.1181880117430016,1.3612853444951525,0.7579568236055454
642,1.073776473527647,1.1571792297479222,1.4064977990415672,0.7321496810418419
643,1.0375449641640109,1.158618375430237,1.3330153102380264,0.7847596967287125
644,1.057000608087648,1.1469944175252451,1.321466132087791,0.8092782936781393
645,1.0469470272944887,1.147247025772801,1.3931305333914943,0.7960246330225884
646,1.0260874849619488,1.1810646630090456,1.3169663093505524,0.7655833489629722
647,1.051066361774459,1.1496308551801833,1.3520404216580544,0.7098451579379421
648,1.0618159557649833,1.1256820707182624,1.394444631854189,0.6984599815563929
649,1.021659201429079,1.174164048858261,1.323393174613618,0.7391756821233982
650,1.0441902564368761,1.1820079966768562,1.3548680333002405,0.7372914279170024
651,1.037514079918463,1.1723731880104047,1.381161262256477,0.7512751700901947
652,1.0081568220856085,1.114717095601557,1.305100183719421,0.787306893439684
653,1.0355834537456254,1.155919909333515,1.4212390232623795,0.7467405058300061
654,1.0592699816971667,1.158824304653331,1.2980069961396858,0.7703509808428901
655,1.0141684330522862,1.148728868033338,1.3805595992637887,0.7526406760022034
656,1.0684702858561692,1.1494258581483807,1.3199422571676818,0.7073909011502707
657,1.0339612711737713,1.0974994228021338,1.3419379917590741,0.6764056855907395
658,1.042678722077494,1.108275415934548,1.3355755534575995,0.7607613942152704
659,1.0607141175379369,1.1699027753181057,1.365570573799464,0.765245313609935
660,1.044697041506869,1.1745629473672703,1.369831898290176,0.7277281312149045
661,1.0240700266850087,1.1208421203686905,1.3517345484514462,0.8338584055431901
662,0.9994851315817364,1.1782980299893357,1.3724712454052017,0.7873780797515181
663,1.0295912915768657,1.1858059177173024,1.3826726439783896,0.7546660144941879
664,1.0011694726690614,1.1839050318573954,1.3451722801846286,0.7773539973122353
665,1.076109904247175,1.1514271772208653,1.3924742630127558,0.7419784855812944
666,1.0311720140841394,1.1440019928550578,1.3560460088378372,0.7749537442224599
667,1.042190639640412,1.1719657224093452,1.3944890720111447,0.7813496089800742
668,1.0370236663784638,1.1308542934627686,1.322497275734563,0.7253130182223317
669,1.067644552341791,1.143502891621978,1.3796332799247297,0.7265068057641914
670,0.9784400147335113,1.1535077392105197,1.35732101671428,0.7769214817262784
671,1.062738238101573,1.1715323538610243,1.4147372204116846,0.7336763791079807
672,1.0026610118842818,1.1641110352752624,1.3069735806480736,0.728716297431614
673,1.0188358952379386,1.142343614901408,1.3960222839142071,0.7314123402186021
674,1.0726996456931597,1.1477513155388497,1.3664157186812793,0.7353443888071831
675,1.0487564770608973,1.1537385676471688,1.361126964957291,0.7525314099186814
676,1.0439611129879514,1.1297793046678584,1.4173005622319943,0.7288879848309944
677,1.024163092478881,1.124755021947094,1.3860642033677066,0.8877506363744846
678,1.0241698572132454,1.1699301180652506,1.372050865424741,0.765667964996056
679,1.0230138575397256,1.189988387183247,1.3910722255657146,0.7979885073401805
680,1.0104034001655509,1.171490131976626,1.3560538655067198,0.7790638261350643
681,1.0093880415182093,1.1540801600800181,1.3826364572688599,0.7742065779416093
682,1.033252762215,1.1678132153487903,1.3662487797692184,0.7351251651831104
683,1.0818790544141907,1.1330992624136498,1.3656985259648398,0.7980283900749464
684,1.0239440669068518,1.1654873509661257,1.4004694899429506,0.6743505913798123
685,1.0542555180624273,1.1554842597076969,1.3699277786033492,0.8494388469228638
686,1.0319668460998732,1.151473448142955,1.362223429873306,0.7307769754236692
687,1.06001161833286,1.1527826517473194,1.3261615245157907,0.7927184875040285
688,1.0368387986420418,1.195745315103447,1.3990391947111733,0.7536189323515896
689,1.029203783922902,1.1261249993381957,1.3879974324441355,0.7467238125559867
690,1.064555258559699,1.1760855966139734,1.3866055623434121,0.7592597193583952
691,1.0378831960634134,1.1604501756333088,1.350740921573285,0.7448735984992757
692,1.0322020176978643,1.1699283901726087,1.4093463611937984,0.7193901742323701
693,1.0115867676354149,1.1531893461821843,1.3894410720064183,0.7789598813443327
694,1.012302049715621,1.1795926982081713,1.3653003405789061,0.784238741018036
695,1.0381801333744034,1.1243603501242807,1.390963378695371,0.7483931503873068
696,1.0394470493182502,1.144990310791165,1.3772538026308212,0.7782410839800838
697,1.0421563231573727,1.179352934519101,1.3678068871134756,0.7782982642090372
698,1.0322198144481254,1.1281701315069226,1.3669245430464665,0.7709135340790032
699,1.0318022442980752,1.1312226483531471,1.3827239425127011,0.763132739847214
700,1.0055642836753744,1.137751334342522,1.3375406004908708,0.7286186485873509
701,1.0330309307208594,1.1794409758182018,1.377718898953179,0.7776848575372098
702,1.0605780048158835,1.1752292317870074,1.3534626587106628,0.7833551204305326
703,1.055770862021384,1.1362514776129928,1.3321542517382818,0.7723318360989246
704,0.9886072791233232,1.1793520431291113,1.3637795298954156,0.7685437884966654
705,1.0443150049306784,1.1365602566409756,1.3741903161562958,0.8044104196685055
706,1.062272050712393,1.134172289266045,1.3480832695927532,0.7385990569771829
707,1.0560651328711315,1.144020589084839,1.3593736697013572,0.6944634295105668
708,1.0288004579453716,1.1339912779050783,1.3662700100335095,0.7381256778768891
709,1.0170804822195345,1.1302638757029742,1.3402848335016642,0.765422126286933
710,1.0191966845130929,1.1328863053037785,1.3564399304951649,0.7779361427046365
711,1.0563634023522126,1.109471574881133,1.3192978338226744,0.7479835526185143
712,1.0212937584551471,1.1495023062830918,1.3479867518295523,0.79460805758257
713,1.0634614334342358,1.153431520974872,1.3497608894715014,0.6994119605105332
714,1.0397233983781844,1.1648308068902067,1.3768081644348895,0.6973229366576831
715,1.0605500166653015,1.1387582359367672,1.3792101948473583,0.7874061885618899
716,1.0516800476509178,1.1183018526327941,1.3907672381881853,0.7050569421538132
717,1.0114879440513533,1.1875268378277137,1.373658522628196,0.8054474132689817
718,1.0417438238090029,1.1614018326645492,1.3810679611861527,0.755309457928278
719,1.069766272996335,1.1542101135627723,1.381935689850548,0.7110180254393258
720,1.0178630184887514,1.1445883729016217,1.3868954235404958,0.7436489599012928
721,1.0623119320387355,1.1357626758189407,1.3713056221871731,0.7670856183928368
722,0.9745924393838802,1.1362104946368046,1.3582966263793772,0.8125860881100844
723,1.058721047473577,1.1599899614531775,1.3656442014464691,0.7554736257172334
724,1.0337139634193657,1.1648909312638753,1.39450122110733,0.7429025149735332
725,1.0092470257524964,1.1638544469170742,1.3636617315909434,0.7622591760729638
726,1.023056979376024,1.1659349123586351,1.3558258139163677,0.7302352158402236
727,1.013557559880994,1.1436201597393032,1.3685757694013867,0.795882888912981
728,1.035570161444342,1.1599947720734767,1.3378553010456307,0.7288971242593842
729,0.9998640097995644,1.192776748675186,1.3569793409088566,0.751132815797468
730,1.0675357014665798,1.1655751321781844,1.3754307375886274,0.7357570713460853
731,1.0284560895761137,1.131637141280551,1.3884728880133104,0.7318031502850504
732,1.0617833125042417,1.2256657843293077,1.341127571613874,0.7578114120214129
733,1.0667824752163904,1.1875799827594218,1.3657865512203384,0.7740901480750628
734,1.0429728572560912,1.1688931426154303,1.3346212553621297,0.7424192551435733
735,1.0752176472962414,1.1786721783234115,1.362054064083509,0.780579081375021
736,1.006533542606381,1.2039858024506127,1.3679655318715056,0.760081636375867
737,1.0742984292464195,1.1973639628819752,1.3568755321082935,0.7554786025793051
738,1.034045397875923,1.186574472057966,1.3441837229668416,0.8229190418187747
739,1.0535639704827353,1.1651875073065958,1.392828789392967,0.7586402992805767
740,1.0031353509142888,1.1836763244157051,1.394274799720679,0.7079634322043906
741,1.0348395847881038,1.1582158073981381,1.3629726538331657,0.8123029568730572
742,1.0565449336248354,1.1704747508051396,1.4152463857438544,0.8287181289460099
743,1.0386756524307126,1.1822224458218042,1.339759163946314,0.7791673964537049
744,1.0448882078919706,1.1694984017433954,1.3695877055665688,0.7553024784972853
745,1.0509404432162384,1.107997637677904,1.2995637167007759,0.7720371825061404
746,1.0602177360918463,1.1609744537862008,1.3584285843065254,0.8047348554528437
747,1.0687219610677767,1.1925155304395085,1.3789344451783727,0.7055908691505675
748,1.0240422472402304,1.1915793374735608,1.392727656939166,0.7314018505658559
749,1.0287700420767665,1.1692074606903113,1.3596084241031297,0.7681412905730063
750,1.0395825885233045,1.1514178719920805,1.4014651394599367,0.7294505903736102
751,1.072734990532414,1.171581273945405,1.3874883507949485,0.7215568725739143
752,1.0354115958630763,1.201442508747002,1.3924390271625926,0.7892003956010075
753,1.0300998153588046,1.1821266865667472,1.3699921652687759,0.7536036101917476
754,1.011785239912417,1.1815414146340855,1.384646906019355,0.7874532649202077
755,1.029110538902527,1.1280149778555417,1.407512650587398,0.7187730990228345
756,1.053733570526797,1.1329117877191877,1.4005228478640108,0.7665750133727597
757,1.010434884139573,1.185638920799513,1.4002008621573905,0.7552414679254297
758,1.0217793191144136,1.1818957569325483,1.394450707597656,0.7771451685754743
759,1.0856073883837645,1.1898199316068077,1.3878494276860551,0.7904295902952231
760,1.0328071338710212,1.1501066253848158,1.3701091762084936,0.7998607812409632
761,1.0321735301008859,1.1562468134073531,1.3692872054255245,0.7352030281380051
762,1.0318041861846983,1.1304841279088964,1.3414744587073282,0.7473649508986043
763,0.990488700145193,1.1797151802000285,1.3843659444720546,0.746962621642294
764,1.0591139931594005,1.1910781240948614,1.3855527086018136,0.7420180301636679
765,1.0408795889720495,1.1730613197735142,1.3600339465167162,0.7639236401945018
766,1.0401836398160786,1.1521282957487446,1.3345818724039535,0.7521181735103584
767,1.0782227191317204,1.2000678137081418,1.3673161560990417,0.7230578199947856
768,1.0470870133282346,1.1850821954968866,1.343589567920764,0.8058259950387396
769,1.0178291703786195,1.19463592970024,1.4226320724432862,0.7578630656793034
770,1.0406478840803752,1.154230276809007,1.3161714706267817,0.772643407326146
771,1.0374034606608207,1.2073489574016258,1.38328746308821,0.799715231403458
772,1.0446024551129216,1.1647719279057756,1.340369948611617,0.7684438475002509
773,1.0191466930928366,1.1849463558885787,1.368447215661663,0.8233097568961084
774,1.0334814297005563,1.1812373722637886,1.3836418084358182,0.7438030678577348
775,1.0102274979033454,1.2070424034446539,1.3073834983657207,0.7426992818645265
776,1.0029260969633715,1.1942689369560726,1.348865611785011,0.7486669727080553
777,1.0545926300338977,1.1985635471115323,1.3263070033442246,0.7547674763649698
778,1.0505024572942474,1.1869103822808647,1.355046399333345,0.7673470473540503
779,1.0403888465450875,1.145804586967854,1.3392425132695698,0.6856851361621387
780,1.039436231996575,1.1526142824936128,1.354313464826228,0.6894894262115311
781,1.0310170220568988,1.1817432909685504,1.3825430929867621,0.7351836856501808
782,1.0364204496602716,1.2027745828493308,1.396225473225211,0.7636594466752336
783,1.016070813326357,1.1900352378194334,1.3791902338824042,0.6785164511181094
784,1.0166152272382762,1.1984339131180821,1.3393618563657905,0.7984424287382527
785,1.0606989099725097,1.1310979336221798,1.3947551092385981,0.7357973463157853
786,1.0198067814403682,1.2074195470362108,1.3657533546406828,0.788510395309569
787,1.0409672028233832,1.1765763182845643,1.3960578225788272,0.7464748201054615
788,1.023133664999983,1.1597703062594364,1.3465582129174116,0.7398849958414314
789,1.0360362542466888,1.1916959050740688,1.360554083496335,0.8083473161128975
790,1.03414697718555,1.184584252449783,1.3952153216770096,0.8116574417210763
791,1.067944935552322,1.1926157168465994,1.4117190858102846,0.7693200550977536
792,1.0369713352607155,1.1656097953733737,1.3374260710080839,0.795719072053003
793,1.0599541042571259,1.2347827815973893,1.3762513567637447,0.705034105596292
794,1.0614665183289205,1.187706934689825,1.379390585225905,0.7722118473947374
795,1.0190988787331305,1.1681710380359436,1.371559229545232,0.7597807708578654
796,1.0344558487839817,1.131246898492024,1.3553918977201698,0.7077742648091612
797,1.020868923129795,1.1911518262659315,1.3334509293121213,0.7157718609288672
798,1.0210592317704017,1.2066882907486143,1.381809007911287,0.7286387788848281
799,1.0653128406892525,1.2124296583424785,1.3367396407557397,0.7419215867581088
800,1.0647454764025819,1.1312348177690343,1.410590718096338,0.7287897827123169
801,1.0397227754095955,1.1141595570523195,1.3798139512446583,0.7894354827742602
802,1.0335553917267164,1.143427223108322,1.3464696167506922,0.7263641353531675
803,1.0345692098746295,1.1926520661868876,1.3587361421986486,0.7478924380169818
804,1.0516062501105659,1.1837450646932157,1.3285255992232001,0.7198068107093657
805,1.0272456067187914,1.14998691245899,1.391476107221769,0.7670379106490086
806,1.0478122864412447,1.166183453747363,1.4135691974328293,0.7450003898265326
807,1.0163593391253134,1.192628381786715,1.3395918955103954,0.7132708769849586
808,1.0322825335935841,1.1841470174410784,1.3825413534659097,0.7723572000216845
809,1.0056762178677026,1.1732163254771613,1.3778967425289732,0.7775912436830841
810,1.0367868510325124,1.1794088376457068,1.3794077959770343,0.7806081062515188
811,1.0604064094834968,1.1274755667716696,1.3833109551206086,0.7940274250927646
812,1.04004161160625,1.1803143178296354,1.3484115318299896,0.7458051246497267
813,1.0300772573056673,1.1735695788877547,1.3853587738817887,0.7518689210267973
814,1.036737648395454,1.186966076981395,1.3428171415163097,0.7545351420725057
815,1.0372583201163694,1.1733358118894925,1.405122090619673,0.7797113908630611
816,1.0525421082978277,1.2051896345886401,1.3566136217742069,0.8038654955345553
817,1.0700710632065187,1.1899408965530538,1.376259889870664,0.7396923434535395
818,1.048925927104261,1.1243727644769475,1.389441996257857,0.8032744313006156
819,1.0402428321509911,1.1479349763563582,1.3705696870898698,0.7318112269103569
820,1.0434259310258827,1.1594715323720615,1.3754625936070404,0.7624901035213063
821,1.0862828055409037,1.1957667840319344,1.3677275411467178,0.7728319574305603
822,1.0387140626111322,1.1631067263547634,1.3664951390912066,0.7599448760314041
823,1.0453843248782795,1.204929910118055,1.378111753626973,0.7731594826182716
824,1.0584728213343004,1.1520997527555064,1.4188550014966124,0.8030720415362484
825,1.0902133602641089,1.167238212349649,1.3753005722217821,0.7256128522828512
826,1.0366453357222676,1.215653446683852,1.3639343809181423,0.7067983202498979
827,1.0458122109465815,1.186958335317357,1.342823883695889,0.8134473962576101
828,1.0420133123396913,1.166151814605834,1.3650157648845556,0.7592353655780967
829,1.0280091603289598,1.1678247060094398,1.4111815285683913,0.7428162646788575
830,1.0543129790793606,1.1786874688973907,1.3602485888046423,0.803412468944612
831,1.0374941274792147,1.1470026175053933,1.3572806143523826,0.7285892709308167
832,1.0784477795550698,1.1923608992662893,1.3276844968464134,0.720128779837757
833,1.0559445386191737,1.2283785755190784,1.3939105829824208,0.7411415729049164
834,1.0609708945596998,1.1866671008777787,1.3850346816128363,0.7566564153996471
835,1.0378639502343658,1.1845736933959439,1.3875933464093564,0.7751200124063027
836,1.0502752223036664,1.160582523984008,1.358127849086271,0.7278629288060098
837,1.024887929007823,1.1810040958382506,1.3949572326103774,0.784290347380542
838,0.9899070913164169,1.2013217996509034,1.3670044767835288,0.7523850395061006
839,1.0458875433481034,1.1792149479107004,1.40059391239283,0.8052367039631442
840,1.0186958551079393,1.1701954900199043,1.3543643885599435,0.7396771572283557
841,1.009075992105523,1.152206180258008,1.3333018003562676,0.7905961662834122
842,1.0303356916481086,1.206274106712098,1.376876616224674,0.7268338412493537
843,1.0345159611630914,1.1580894297130724,1.3122573802902178,0.7191824157030321
844,1.0186709996715526,1.179528056000164,1.3569360020553067,0.7701398993969726
845,1.0534717185795484,1.1864559900444596,1.4016605147534074,0.8015648595969165
846,1.0368505604531715,1.208426923648064,1.3443702569521874,0.791036611967874
847,1.0184156612557855,1.1903346174546123,1.386323404213145,0.7770879493543738
848,1.0536128518910495,1.1944647642361728,1.3867940012477433,0.8212485106789352
849,1.013350622630404,1.202112345136492,1.3682096932283963,0.7917215834827361
850,1.0079964812505966,1.2101183942206661,1.390082617540449,0.7449432898936442
851,1.0274221351782644,1.1539212662208789,1.3981208736573276,0.8038046923878622
852,1.0523127879863887,1.1406675019081338,1.3713559436885838,0.7049844132783606
853,1.0447044770769234,1.2058582948118646,1.3312178332378262,0.7850040904674861
854,1.0461896494109433,1.1783880289967918,1.3655567693181587,0.7325427813128821
855,1.055586322931009,1.1585525022809111,1.3987805066250845,0.7620398547861371
856,1.0453917808843707,1.1725855958965579,1.3802205276961015,0.7351795534804483
857,1.0382608211419624,1.171880113974199,1.3340383305361583,0.7782300010967462
858,1.0308987973732562,1.200059209756144,1.3487828369360775,0.7803512479806904
859,1.022975520792507,1.2057675551673321,1.3575027939725948,0.7354694745672197
860,1.046828921029792,1.193169933578371,1.3832473856573928,0.7820103069252693
861,1.0320505558046327,1.1710030040295831,1.3596622161565424,0.7557727584861493
862,1.0483532078609588,1.1519139694647043,1.381271360528112,0.7483879224107602
863,1.0157776300566483,1.2104073765867018,1.324656424158477,0.771528848026644
864,1.0478410775691027,1.2054232636349824,1.3854097110898103,0.7305342190777636
865,1.03664571258456,1.1584776539595538,1.3902579829682944,0.7711961776638796
866,1.0130751776276345,1.1650767987434414,1.3863286801500299,0.7285326232186228
867,1.0670724469682937,1.207671025001997,1.368221443509831,0.7333911307893655
868,1.036854669530323,1.200250888702806,1.3755213894545169,0.7857104545316356
869,1.0377573946833067,1.2113588418255967,1.3225167765637358,0.7076176487646891
870,1.0473487227440832,1.1950011651141144,1.3841675745576363,0.7201310056022855
871,1.0507112521686954,1.2244449549445728,1.3748940844510817,0.7320590270195573
872,1.02829708422874,1.180493224486922,1.4170234516614968,0.7482949580044647
873,1.0452796967892317,1.1772765993602323,1.412644382970648,0.78212143174882
874,1.0442156938572553,1.2031468014429765,1.3786852529539546,0.7628245164637981
875,1.0414087753421277,1.1833676234787174,1.3670730049200543,0.7304311089641238
876,1.0585315129693502,1.2090790226985892,1.3481329841026104,0.7652697415774774
877,1.0169108188371527,1.2216828571429619,1.4149008867756652,0.8223444577434357
878,1.0250891926221093,1.1821502363186447,1.402162832648934,0.7676608819129861
879,1.0352143760282857,1.1597904895596958,1.3390487922535432,0.7761627065080847
880,1.0431225777591813,1.191915020321122,1.3418844015252416,0.8361026105315549
881,1.012281018432295,1.1561552011794707,1.3783289388661324,0.7371975839704121
882,1.0202038282035417,1.210440135869298,1.3396254129919671,0.6925708529439949
883,1.0086207940490375,1.2072001114089685,1.387245884427682,0.7621915765894003
884,1.0439257099456516,1.2102143637654725,1.3780867662914575,0.7465052554180533
885,1.0511250733303639,1.2071315371508926,1.3778558428149412,0.7899128629591503
886,1.0737282765218348,1.1561983157111668,1.3533965030509874,0.7766322288690649
887,1.0261161791392805,1.2014956761463762,1.3764077366687797,0.7621329342011196
888,1.0033300686644706,1.1650949112549769,1.4037824415642925,0.7689539917454802
889,1.03275167975508,1.1628957769122585,1.3557701098258095,0.7491679207419162
890,1.0281260950921836,1.238479124839459,1.3718057883970431,0.7551567010543027
891,1.1035381239586024,1.186375200147254,1.3805728869620377,0.7777415932305003
892,1.039044623135521,1.1512102829315436,1.380855976375306,0.681670280625615
893,1.0774859776793144,1.1764313730581053,1.3625684995582656,0.7525647148380583
894,1.014704044350319,1.1678729867591526,1.3854888587003051,0.8103045194756722
895,1.0310646122036164,1.1648052816639665,1.4216075953664566,0.7889168866950249
896,1.04876409276103,1.1959571740202928,1.3155062831049573,0.8291539912758256
897,1.0552749863568074,1.1958617001415388,1.3758953152638616,0.7345776283403148
898,1.0860163258177007,1.20847735526782,1.366849435102836,0.7559552762890803
899,1.0083382662555014,1.1854140946930036,1.3815470848700475,0.7505045002816005
900,1.02866096331296,1.2121519040207756,1.3607705833919408,0.7961399783894576
901,1.056137190494021,1.1962483404042936,1.3241669347150269,0.7209601303873672
902,1.0322673414144956,1.1527892661068284,1.3720439122716188,0.7599653109699089
903,1.0635806301391544,1.1776145876442663,1.3560160001550663,0.7554837592628055
904,1.0474017452756075,1.2169588527777553,1.3893422414957666,0.7456112394035107
905,1.0418865810420153,1.229239487986027,1.3522806588944312,0.7423918323549693
906,1.061909634938128,1.1954763831250692,1.3827860807820767,0.8004307942204876
907,1.055618046799887,1.2153172201813698,1.347377744372937,0.769424531764198
908,1.0097696362462953,1.1908499160865353,1.3572067643928711,0.8001410845760979
909,1.0159046823940507,1.1785660808852267,1.352383718331618,0.7729074540966526
910,1.0109770789788142,1.1893667261704763,1.360731438830179,0.8170756548905209
911,1.0420803195529085,1.2341888706608497,1.3902812433827298,0.8043944536565116
912,1.015808385012565,1.192842252846441,1.3611880146464912,0.7149525809362443
913,1.0170834577849708,1.2286183607856545,1.381551921649617,0.7347568713502157
914,1.0118018296773053,1.2086882485868695,1.3845171394304594,0.741301194157266
915,1.0575877817123776,1.226244039906057,1.3975266314437051,0.7728723571863543
916,1.0651411210934552,1.2058439134902246,1.3520935122835958,0.8054356534484589
917,1.0271842479466513,1.185792133858534,1.3384338648372245,0.7402235842364971
918,1.0241818771305564,1.1915688005457308,1.415870750966307,0.7558543621101437
919,1.0567952605014679,1.180116849309521,1.3460286561288493,0.7874565712341232
920,1.0564436731070221,1.1523528314376232,1.3741248627897857,0.7058352636702591
921,1.0476032184089452,1.215410707915446,1.3646283259014664,0.7343406540372159
922,1.045851989790224,1.2259541036382822,1.3578008684614997,0.7705024344961181
923,1.0262765615561769,1.1762766291047668,1.355864959567588,0.7760895646727098
924,1.045566922137254,1.1911273889060685,1.4018615531166922,0.7819953992148663
925,1.0340699051179407,1.215936593110319,1.3922041164906824,0.7681003453300327
926,1.036946018061548,1.207232020916997,1.3180505727150134,0.7099021609100304
927,1.043499659154552,1.2296711603510349,1.3417425149991655,0.7665461227018054
928,1.0746298980016145,1.1974769188019057,1.365413379415666,0.7704628505472016
929,1.0278868020644447,1.2123992220721884,1.3910644266951446,0.7919078820821295
930,1.0638108033474032,1.2332418276777188,1.4278233762323285,0.7610332525999521
931,1.0092641731358414,1.2175325632483651,1.3680300136246095,0.7733895479206615
932,1.0263138101609304,1.195367482595858,1.4048465255986862,0.7629668176008217
933,1.0507181641859475,1.1817813742458951,1.3720440559420466,0.7155784112259856
934,1.050066679824295,1.2124278110711324,1.4066692595121406,0.7835689615312846
935,0.9966578933514234,1.241183961500766,1.3626424668639179,0.8048302751576932
936,1.0387128577227895,1.231159428616539,1.3639865550545263,0.7573970206109206
937,1.0207836363363023,1.206862451848828,1.3797215709367021,0.7576612481748132
938,1.0723773929340739,1.2088347211171993,1.397594657986231,0.7196715339448995
939,1.0340263231031825,1.204383914405324,1.357807079130042,0.7862901758103376
940,0.9813193064993198,1.2004248641342388,1.3569886164819596,0.7686621554901774
941,1.0595280701048346,1.248225022439614,1.352460303254952,0.7267394308877813
942,1.0419840879291777,1.1898666763888779,1.358747424550745,0.820503290032814
943,1.0381250827337483,1.2164917239157762,1.4381453027657072,0.7649415635102778
944,1.0412130115132014,1.2048783476613172,1.3517116084525227,0.7500858834078622
945,1.0508398106466632,1.2131804677724771,1.3892356349565573,0.7890681462003625
946,0.9978279097296675,1.1938985087136122,1.3935000635693497,0.7849659966162426
947,1.0372394482415306,1.2233075551805306,1.3453089005416536,0.8053175510712863
948,1.0113233845298952,1.2364248143956873,1.3562620922549922,0.7060042046939636
949,1.0274383389044606,1.239306300363043,1.4035219911737562,0.8050341035965037
950,0.9869718527728844,1.2125620513692037,1.3693037616938502,0.7259774891731758
951,1.0455469546518408,1.1578963474570585,1.3801702576528163,0.7833545860416546
952,1.0446330351256703,1.2353923132866316,1.3232064529412049,0.6979781959657704
953,1.035183831429077,1.1900235121338951,1.4354442204658555,0.748309367904521
954,0.9756568437931186,1.2247478521333106,1.3655414244188167,0.7703620637863329
955,1.008458932160742,1.230570770750243,1.3952555690811472,0.7785600675921276
956,1.0601983453160966,1.207731553384853,1.3725088380362094,0.7333269913685149
957,1.0418857622391784,1.2123289807864626,1.3873850982348381,0.6720863768235492
958,1.0672172799768112,1.2479251558174533,1.4186863964680934,0.7544063593630458
959,1.0713916619258699,1.193785117834519,1.3779906703329667,0.7394230991207819
960,1.0134118051319951,1.1924510997812776,1.3875516430673542,0.7615721562398234
961,1.0276093151450063,1.1900343457986347,1.3868176262743621,0.7751949649807762
962,1.033377835733934,1.2340479588533777,1.4251326329795737,0.7258117456602559
963,1.0540490742080744,1.2048410952142494,1.347918015186036,0.7923530243020637
964,1.0262946404010584,1.227809021682713,1.3981032676192597,0.828045635031952
965,1.082498507169371,1.2392970364503821,1.4044864909356285,0.7921258384218735
966,1.0431731107015318,1.2011762826714736,1.4039376526061786,0.7388044627117589
967,1.05144628144399,1.2240062437392816,1.3730623609822301,0.780747224544414
968,1.051018083451874,1.2039870258187546,1.3748882683375216,0.7665890600335556
969,1.0081164094468662,1.2366690135752745,1.3773870551836753,0.74761341626256
970,1.0589304903985912,1.227984562038332,1.4077054343297104,0.7938408763791852
971,1.0506275032835073,1.2377391585252617,1.4200080468341394,0.7461862788673603
972,1.0185376940323838,1.2715347549927356,1.3845025641304791,0.7530251820776451
973,1.047099538000493,1.2052563965969931,1.3543408028794661,0.7809821956340597
974,1.045859344799396,1.1958497817687899,1.445083625823108,0.7361497652677618
975,1.0375909211340553,1.1792809989355013,1.4093413115830857,0.7710004338014355
976,1.0371950072963345,1.1984396331685276,1.3747145432749586,0.7427731349566684
977,1.0437412160365707,1.206964940664445,1.3665157924325373,0.771341024796106
978,1.0451795074152939,1.2245196593528684,1.4006588041894736,0.7627593652125341
979,1.0483907473772065,1.1969050930709377,1.3834567787825955,0.7516579267696577
980,1.0216542787872511,1.195945735297756,1.3934760843147138,0.7560875243113963
981,1.041983480417399,1.233689333109156,1.3972200774124528,0.7140552605443058
982,1.025218508152042,1.186867156816535,1.3990243844287147,0.7601406893958229
983,1.0297066693540768,1.2190668067577595,1.361513908328156,0.7525465561868123
984,1.0687829578128596,1.2281864042569337,1.403568189982379,0.7923397210778014
985,1.0629724352758099,1.2300913396389888,1.3427191266821978,0.7957441225704533
986,1.0272986506557236,1.184191934327295,1.366839844410288,0.8147831542905103
987,1.0509056716624805,1.1480607134030225,1.3678325139142122,0.7792137792973306
988,1.025613490675805,1.1913479296773621,1.3633389342136593,0.797091647675023
989,1.0311109259164168,1.1975392810284047,1.3578860876287204,0.7599632619055194
990,1.0107695543485806,1.21060819336998,1.334240571992089,0.7520542812337889
991,1.0458669493951724,1.1964504736466306,1.3752204874770906,0.784436679801622
992,0.9939278708998892,1.212286230791744,1.3687670106587395,0.7839707681981509
993,1.0058488848805047,1.2102100830620466,1.3760514251710794,0.7390487976164946
994,1.0489523352926808,1.2649840687361897,1.3627375750662203,0.7472386647601049
995,0.9944192639468141,1.2102302406174186,1.3603692265691283,0.7870339859710445
996,1.0305671678265462,1.2279867535391422,1.3357882201073386,0.7329683855170042
997,1.040282890980398,1.2178966190783982,1.3546412109310015,0.760411088165064
998,1.0204705844189923,1.1923129956402068,1.3579273306355477,0.7343020253160835
999,1.0537971876229852,1.2500089016079228,1.3496631912155168,0.7474498549677585
