,"Realistic, ε=0.1, Q₁=0","Optimistic, ε=0, Q₁=5"
0,0.06346437427724042,-0.04985394553646943
1,-0.0027277385652176365,-0.07258112458175035
2,0.04254859371747595,0.012928862348799246
3,0.11588723319715412,0.02456237588152914
4,0.20611647413231754,0.0047824819278227595
5,0.242339702884326,-0.027818792914100283
6,0.27788390243095024,-0.0183606518669266
7,0.35180769128680794,0.06429084229450008
8,0.44224221987792767,0.018472255256602222
9,0.4828381534682114,-0.03803363646120202
10,0.5518377430212079,-0.00952558795328786
11,0.6001197045650027,-0.013259554340548691
12,0.6603383330478254,-0.03431482143835765
13,0.6726994133458984,-0.03781331811906071
14,0.6649848557033106,0.009212362821066324
15,0.7197699213464037,0.030509908120791202
16,0.763491957689775,-0.07961205155009485
17,0.7427357241122663,-0.001301144453109714
18,0.7753839330301008,0.007406203668912882
19,0.8222974128464389,-0.025438938419262522
20,0.8520909471014281,1.102056115457135
21,0.8224190918406876,0.7723895650919783
22,0.8193958435642434,0.5040604489243894
23,0.8535242868073435,0.36630709935216577
24,0.8569560320087901,0.2909503247825899
25,0.8529928824289684,0.11077030389908792
26,0.8874315052920825,0.032287165978987384
27,0.8821970597374927,-0.03162604953751996
28,0.9531746396156445,-0.14159816771936723
29,0.9478925576664593,-0.11592255078600026
30,0.9168815716751554,0.0361273660924845
31,0.973489662299668,0.2669517401022734
32,0.9452180189873466,0.36872197668207085
33,0.943890026962618,0.43203441777939444
34,0.9426887758628393,0.3940491890385194
35,0.9409705866616541,0.3540145164027956
36,0.9638658223405228,0.3464965187063392
37,0.9436065921114903,0.267235523158443
38,0.975259282222645,0.24043336109814648
39,0.9490634341067898,0.19569230003200652
40,0.9698807257333871,0.19275409170293015
41,0.9312195600288644,0.21930792069675242
42,0.9811187828237734,0.21752355265351292
43,0.9335152826352497,0.25725054321400187
44,0.9095800102590336,0.23414319875467807
45,0.993719372845128,0.27134547321050606
46,0.989866466629348,0.2633280661178784
47,0.9740370965279624,0.2555919819863501
48,1.012432791784548,0.2529636920318181
49,0.9851664125653121,0.3069349927529839
50,0.9906578544593979,0.33430368717191766
51,0.9958842344333269,0.35683813700728756
52,1.0455580623944196,0.32289652220834864
53,0.9842581563690374,0.3297422138084544
54,0.9792989789282953,0.2808738371724449
55,1.0002242319539085,0.26097155948779177
56,0.9928006138787718,0.30710222127803877
57,1.0089622660201534,0.2926924805287273
58,0.9704666063436734,0.3436149329745914
59,1.0198600661146644,0.32742058005714214
60,1.0344132359532874,0.2986829357574187
61,1.0488598454542402,0.33834546402917937
62,1.0376881503333637,0.3943019488429859
63,1.0153312246052402,0.32434455141790214
64,0.9928641277079662,0.31033466207927374
65,1.0017355680057132,0.38688805330568665
66,1.0001044641602148,0.328298473219887
67,1.0088781635254502,0.3444451086964763
68,0.9902467626065934,0.3195926758671602
69,1.0130722048021983,0.4209009039859412
70,1.0445602751774252,0.3926196359887281
71,1.0514489063358177,0.41926617662103255
72,1.0373670910290371,0.3749565491465592
73,1.0545572964441505,0.3802099582245593
74,1.0546751559665384,0.3984750937464397
75,1.0044279434836458,0.36861078360599037
76,1.0516136912537501,0.40867075161154137
77,1.0637630558586186,0.45311406454236663
78,1.004159583003115,0.36871113848749715
79,1.0460256291815107,0.4718810007203175
80,1.0539598099959966,0.392027921965597
81,1.0555345239230605,0.38520555731666606
82,1.0098398146973553,0.44233529322378773
83,1.0689551031896398,0.42923155951445413
84,1.0479306169193388,0.4693869864705664
85,1.0604961349970243,0.47651218010374113
86,1.0560385606315157,0.4744858767205241
87,1.056980675393864,0.4960673143335101
88,1.0556212224803907,0.4850620172303711
89,1.0763132960368498,0.48736920197543543
90,1.0677300736018838,0.5245590213582241
91,1.0494836326638355,0.4703647286826256
92,1.0689443772011165,0.4827559688127591
93,1.084187612577055,0.5343626595488659
94,1.0273748850635172,0.5503834645460479
95,1.0736396499394851,0.5670987201611649
96,1.0604418822152935,0.493527573609829
97,1.0716975512573474,0.5797821037970139
98,1.121511068302706,0.5307395151629081
99,1.110971367235149,0.5878673091545893
100,1.120812837274643,0.5326250822709765
101,1.0520265992349564,0.5830389359253917
102,1.0698164930713046,0.5746467061430504
103,1.087990200838684,0.6200045769949182
104,1.1219168978138279,0.5829575528622618
105,1.1099224344629592,0.6216429407166927
106,1.0282427523401676,0.6355508710215799
107,1.073902279434799,0.6328234192783414
108,1.1123427938634936,0.5688673965430577
109,1.1105995063274308,0.6465904949189681
110,1.043031152137607,0.595422807643053
111,1.0798557741597223,0.6100547941483463
112,1.0878399433070531,0.6449099625758297
113,1.0775046895484874,0.622224070000015
114,1.1317834244485108,0.6362243305242877
115,1.0714277776579235,0.6692769484553387
116,1.0805747839515258,0.6594464779719129
117,1.074873258489769,0.7042750224013534
118,1.1259881678558974,0.7528793322508139
119,1.102044301490509,0.6386405137142872
120,1.062897269624833,0.6727108857468573
121,1.0780022391163961,0.7113503652413544
122,1.1117840861370822,0.7549671878776856
123,1.1032787397463062,0.6721425819613357
124,1.0759616436845874,0.7118175683041775
125,1.1011967423500915,0.7111037419560569
126,1.0863687464804639,0.731491810112371
127,1.1005954137998242,0.7234443933457091
128,1.0733035427381419,0.7887332345055131
129,1.1264333745077029,0.762612773868547
130,1.0728745408333686,0.7903931119777485
131,1.116225541200934,0.7924282409764208
132,1.0561468532369536,0.8277706854721221
133,1.1064043845363836,0.7830511963730926
134,1.1577881516426436,0.8044475666218613
135,1.1464236611748189,0.8172715370295638
136,1.0852703189890796,0.829677943426691
137,1.062686646843705,0.7751161065373131
138,1.093106246471677,0.8539722924765424
139,1.109279989135427,0.8489061285924308
140,1.1045730091364372,0.8188815980794245
141,1.114063478680631,0.8300197798754223
142,1.084056067849766,0.8956450122494413
143,1.130123975481651,0.8397867402664062
144,1.1252355069497837,0.8663398502028854
145,1.089523589774927,0.8482215166365483
146,1.1150802787894334,0.8867934476217871
147,1.1442509273367987,0.8924632541858134
148,1.0690424087911952,0.8517739424464378
149,1.1122127120364398,0.8667603026315864
150,1.0567403468418433,0.896826003917238
151,1.1246699876975053,0.9321705896407694
152,1.125618332509878,0.9303555572993759
153,1.1518761479215869,0.9866084316485724
154,1.10245111886926,0.9495616595575673
155,1.0740165103884327,0.9567890608004844
156,1.187482427232476,0.9856424533375603
157,1.1375087795315433,0.9161683163075642
158,1.111119375047956,0.910872392432795
159,1.1352285366400148,0.9395173078333003
160,1.1681207714749167,0.9521345005886093
161,1.1431480941406285,0.9992859703071918
162,1.12267011546746,0.9809092684602617
163,1.1431785201412092,0.998814675825298
164,1.099870087960868,1.0010679044889734
165,1.1368257048322428,0.9836833922459634
166,1.0894737829410037,1.0121675967433674
167,1.1983606599315335,1.0310488069020312
168,1.1640492489029315,1.0509359035398178
169,1.113354449869914,1.029595793328469
170,1.117707880858704,1.078408886568347
171,1.0674769410676967,1.0274970150953517
172,1.178850434288376,1.0204285331546252
173,1.1420162376262872,1.0651034662398233
174,1.1091211414140738,1.0335090672235279
175,1.1258231357974546,1.0301355403046777
176,1.1180931442308781,1.077780830740718
177,1.1486585278194257,1.0615707463544077
178,1.1192343917096896,1.0647396894396257
179,1.1404673697437124,1.0857078098226898
180,1.1370314659036045,1.0162182433391571
181,1.1187728717495202,1.0959213962558465
182,1.1218632576597927,1.1071412607356894
183,1.0806006101242165,1.0970591131152585
184,1.17147601973594,1.12324577469326
185,1.1277059359232111,1.1060761493566031
186,1.1378280090360946,1.0987092173479505
187,1.1564693336934082,1.118657876897789
188,1.119472378571834,1.187716264003313
189,1.1292361166691662,1.1423222358296983
190,1.1059829417517673,1.106772909535085
191,1.1408334980452957,1.114339778005397
192,1.1305767194063405,1.1724117635513354
193,1.1117362624706766,1.1717784021214583
194,1.1427598963973935,1.1699864908631008
195,1.136292969951392,1.1298266393992942
196,1.1447238465590426,1.1772403779863285
197,1.121831588453451,1.1335900572745907
198,1.1784324928801084,1.1475509317385613
199,1.107576431493591,1.1479974625272376
200,1.1422412236473665,1.15452605829809
201,1.111465730224731,1.142614544178804
202,1.1641913478078714,1.2067090396543754
203,1.1852389590013863,1.162765563211004
204,1.1133059963256364,1.188956039393756
205,1.129949003363025,1.2151381044044225
206,1.1534941211313812,1.1992366600025441
207,1.1421082533266809,1.2175249992806811
208,1.103132837854306,1.2067768441385396
209,1.1211601809464564,1.2085970389576512
210,1.1631387261026003,1.2367174700638566
211,1.0918795986547634,1.2619159836375002
212,1.1215888673565724,1.192207111965287
213,1.178345938198879,1.2265518077531279
214,1.1174102410090572,1.1989082299703342
215,1.1247020948786164,1.214838019843144
216,1.1302994994455493,1.2192444090611942
217,1.1980799512188554,1.230838680856875
218,1.1431364429584212,1.2307315798631704
219,1.1660022943275181,1.2159533775580904
220,1.1745696894834454,1.2349824012890958
221,1.1641230830401055,1.1891117575752845
222,1.1163477841401204,1.2463222252507966
223,1.181856858345728,1.2022098070593206
224,1.1536931948293991,1.197163542942876
225,1.2022044364602207,1.235983745505499
226,1.157740316433789,1.2257885786852625
227,1.1516079515231015,1.250417489409253
228,1.1474134029994112,1.2043931284422928
229,1.1802474010048019,1.2875401244110793
230,1.120021130259232,1.2501438591970535
231,1.1642308641468284,1.241301197226761
232,1.1391279677472204,1.2327768840931075
233,1.1152764815813572,1.2242366764230017
234,1.1551218206050835,1.3239207573380618
235,1.1449615916652534,1.2783083319839192
236,1.1601067827321292,1.2482555185286115
237,1.1673432475148138,1.2850095804304829
238,1.1865840310371982,1.3090328344311852
239,1.1611632802364134,1.2724777458641436
240,1.1310577014268812,1.2807337638618224
241,1.1369670219272174,1.2605569043342422
242,1.1646936703157884,1.306224283802481
243,1.1519580065316568,1.2477536485642196
244,1.1880282248617369,1.3168324280925234
245,1.1333516304007958,1.3286376960237978
246,1.1643519694468938,1.2976937522932366
247,1.194772118916646,1.2764211477587415
248,1.165778244364536,1.2983292063424392
249,1.1641863541502382,1.3102131741337435
250,1.145347431003322,1.2952596383888957
251,1.191718518651588,1.2965491902795443
252,1.188540307916758,1.305090690695828
253,1.1832174429094826,1.3016581873256283
254,1.1864229532961597,1.2975897882379008
255,1.1736341508280383,1.284149365719476
256,1.1868327404249182,1.3344768852239048
257,1.1868885496061894,1.322957255917519
258,1.2040662333381098,1.2942666607097122
259,1.2042365594322775,1.3319456333283766
260,1.2124818696870927,1.301889725506738
261,1.2400864693130906,1.2841049691767188
262,1.1980686191705552,1.2475543530882733
263,1.1898915764642362,1.3025258496581442
264,1.1884024192926133,1.3329758649875212
265,1.1742648019184485,1.3026167597205704
266,1.1711206488295907,1.302355532577659
267,1.1511343761361,1.3302316708075823
268,1.1609100706883932,1.2413669048704186
269,1.1593789250468776,1.2972454434790162
270,1.2186581660787592,1.3134223806305676
271,1.2164177244002738,1.323958910787734
272,1.2083222628594081,1.3481703312316682
273,1.1740882386562805,1.3219668562928313
274,1.1601901803624786,1.3205410013709764
275,1.1836928353198615,1.3537146293768045
276,1.1693919195393696,1.3236103778128248
277,1.2015089164368538,1.3347902708489738
278,1.2113332346865664,1.3662434304764415
279,1.1861470354288794,1.3904640437668145
280,1.195233345554007,1.35033399449957
281,1.1826135629462158,1.355988700140027
282,1.1936170270398097,1.3586429963512912
283,1.1661747619413714,1.3607746944657628
284,1.1730013435146494,1.3822253520614296
285,1.1487151212998206,1.3810711335938564
286,1.1268311504565198,1.379470021229144
287,1.1983031164885591,1.3324006953594234
288,1.1990888430742146,1.346678815167306
289,1.1968730613180951,1.371096820082733
290,1.207398116295748,1.3278903771659065
291,1.1800131929093673,1.4049156478810811
292,1.1635557316824237,1.371478086001789
293,1.2013229814083883,1.397164598242657
294,1.22510735611363,1.377642934888687
295,1.213522017291546,1.3883117479352898
296,1.2284666727106675,1.3528162758171698
297,1.163902789810349,1.3881366637807118
298,1.1915729863162012,1.383134156703672
299,1.2261296690439674,1.3482325880448107
300,1.194900714110006,1.3778132333706212
301,1.2204820643445915,1.3845942423841266
302,1.214586173165661,1.380770737353038
303,1.1531621664470635,1.3423382727138458
304,1.2216850634966572,1.383788050048687
305,1.218394832721428,1.3716100521860055
306,1.2145963064044447,1.4020247990362091
307,1.2234046731151365,1.3913094281411404
308,1.2129730469303386,1.4289926363010264
309,1.1817121195981881,1.4086046477386307
310,1.1867489362621264,1.403718044444179
311,1.2245759343867717,1.3972955048581153
312,1.2177909881795812,1.4030435776083818
313,1.2269326153725706,1.4067361095456936
314,1.2061455401470293,1.3932696763049308
315,1.2113299534816735,1.405673292862489
316,1.193393925336928,1.3933635994205182
317,1.2101475697830675,1.4360564251461083
318,1.2308356250327976,1.3605175487604566
319,1.2417161842658953,1.3727341173122545
320,1.1815214156281504,1.4132254871851784
321,1.233813114696985,1.3872070929599527
322,1.2265487598312275,1.3976261790759363
323,1.1982533799512542,1.4175111374151765
324,1.2264233708737045,1.393985804546749
325,1.231140593697269,1.3695232532790753
326,1.1983928846432503,1.4108191874532325
327,1.176976358425276,1.4316754185419087
328,1.2035751994441592,1.4246867173021296
329,1.185614919743195,1.3728720739373976
330,1.215597296518493,1.4363697626303693
331,1.2416692235188511,1.4071832504321846
332,1.2285497899000348,1.4001551474567264
333,1.2334224011103945,1.3787428590217934
334,1.1650096146746458,1.4041858068274615
335,1.2131063783522595,1.3980220084825674
336,1.25020182592121,1.389731509599005
337,1.2388094487248547,1.4183611286513382
338,1.2431884836469311,1.412379307703723
339,1.2535151131446207,1.4593263700645935
340,1.2036927506342021,1.41629342636064
341,1.2163698019213438,1.4097790366128287
342,1.2134188878184318,1.423278929068692
343,1.1809705708411358,1.419170923554292
344,1.2101749411440585,1.3994503177810946
345,1.1794019355506011,1.4338945713538314
346,1.2023104307460317,1.396846511180738
347,1.2455912533749725,1.4240079150589364
348,1.2559462450736945,1.4179569331323898
349,1.2035038360388834,1.4224287218973586
350,1.2139548858162894,1.3753948445285331
351,1.1894026914757279,1.4059134898231156
352,1.2299051142170225,1.4047862552133443
353,1.2141754440980066,1.4140024572948808
354,1.2640533145881254,1.4133257798412469
355,1.2087847187029326,1.398295030414563
356,1.2433873841574836,1.400984438776257
357,1.2091034564608985,1.4046083056689738
358,1.2133528608139745,1.3803272877061845
359,1.2387775065095135,1.4196686198263324
360,1.2290584976667878,1.383453574632285
361,1.2370622948314185,1.4171361338385704
362,1.1986006721393863,1.4539335357410081
363,1.2512142278853167,1.4166346289144316
364,1.2429115483198703,1.4299971270903438
365,1.2092286094436573,1.4020343721126827
366,1.244540979046408,1.4287380551924906
367,1.2341361020722825,1.4881075158827692
368,1.2250273430554623,1.4240393441644752
369,1.3006021820082354,1.360859518717265
370,1.2636864808142727,1.4130986680515885
371,1.1949000081449188,1.4576777340379017
372,1.248213779058055,1.408360874470473
373,1.1901474387921411,1.4248426590510908
374,1.23311021234557,1.4434348542897442
375,1.2533888290081794,1.423972055943196
376,1.2617490796577704,1.4059523344800482
377,1.2505907613306726,1.4356404850740383
378,1.203759718144381,1.4245532588554555
379,1.1829380934290665,1.4576952283929183
380,1.2633305274481972,1.4565671413692611
381,1.2575469916945945,1.4568049483246106
382,1.2292542816253693,1.4194825841811494
383,1.2671931456265175,1.379898104182148
384,1.2171891911066943,1.4458995584220866
385,1.223807081077855,1.4281028502831052
386,1.211503351545779,1.426901432431257
387,1.2518841569051036,1.4496486368545052
388,1.2595997130408438,1.4890857636406571
389,1.2462834193989762,1.4544647895103457
390,1.2117316761540255,1.4127633933088777
391,1.2386183736700669,1.4232726062145566
392,1.206110992875153,1.408904408722709
393,1.2224048162495187,1.3915601949791434
394,1.1820669103614372,1.4536267508790588
395,1.2876018977968942,1.427904600836595
396,1.2490385295096258,1.4555446499756854
397,1.2270760906078437,1.4182014721998453
398,1.2184268513121084,1.4428061032083965
399,1.2266375243743701,1.4005768874846753
400,1.2782073547414277,1.4675149158150673
401,1.2033422697492977,1.440789278538858
402,1.1868769232224348,1.402363883697122
403,1.2601612196120073,1.434447419788027
404,1.2501059841990587,1.4380714361010305
405,1.2722133547124108,1.4746616602334084
406,1.2590945780534715,1.413356401585584
407,1.2422193413673737,1.462192729328678
408,1.245843793479713,1.4363079612348788
409,1.2076110798015685,1.4602304691843262
410,1.2299583688082512,1.4797596572420044
411,1.2291803681134983,1.3897457461982654
412,1.23206275893766,1.444997779324455
413,1.2530740388296253,1.466196760541631
414,1.2353988326396652,1.4222311303708561
415,1.2176617948855402,1.4423731849724026
416,1.2766959585428044,1.4548499071798187
417,1.2544705534012546,1.4488681882046388
418,1.2825774157714604,1.4551593069865012
419,1.193477300122118,1.447323749406351
420,1.283443025165906,1.4295677741428607
421,1.2087308182745897,1.4894501045949808
422,1.2772012800232386,1.4730844758726842
423,1.194534549861146,1.5050123094307992
424,1.2137036690025715,1.4681207419639608
425,1.2499876083787675,1.5440788492474058
426,1.2782385377551189,1.4344415925819607
427,1.1958855266628925,1.4636167022751405
428,1.256838514205524,1.4590709917450886
429,1.2575769363052636,1.4563985127521724
430,1.2161732833993768,1.4317302709359772
431,1.2568632761342573,1.4478415974955272
432,1.2690610644085005,1.420234101712952
433,1.2640897543603815,1.4416442338499436
434,1.2685307734476305,1.4723194596858442
435,1.271028219464609,1.433987380442737
436,1.26391496750367,1.4912683732362249
437,1.2758724526817518,1.4649542863911698
438,1.2802628782645915,1.4205249973824279
439,1.2625147835363961,1.4388533080264183
440,1.2652823882867583,1.4506031484918365
441,1.2787272796781926,1.437507471668523
442,1.2488892313391544,1.467143505786632
443,1.2732972967135352,1.4660780232167627
444,1.2641008834616587,1.4205900034457764
445,1.26565063853221,1.48256484641223
446,1.2472252806090427,1.4598885810667699
447,1.265429796954068,1.4361713522280821
448,1.291729815964502,1.4500412126752535
449,1.277915191323806,1.4515398194345648
450,1.2421965692375478,1.4420244498354133
451,1.297631979515931,1.4654551523415893
452,1.2789953188911969,1.4399738202631995
453,1.2318226464089872,1.4064844381476975
454,1.255956340848918,1.44186312642129
455,1.270489768278677,1.4151735986400682
456,1.2722916281045422,1.4737091628416619
457,1.2357788690126588,1.4433621466322653
458,1.2772848161116075,1.4723679925245174
459,1.2830058456639506,1.4802693857718756
460,1.2560279585928833,1.4897741489945653
461,1.2722698818168579,1.420170709315934
462,1.2726868171336203,1.4399395068267589
463,1.258517952322471,1.4070984190772282
464,1.2455551421725695,1.4319232604217509
465,1.2300738045799169,1.437699776793188
466,1.2747881804598256,1.4036168854689204
467,1.257624125745716,1.4490580984966464
468,1.2438215592930306,1.388101591132152
469,1.2594863760625863,1.4636463878687684
470,1.276279129986255,1.5006111726712374
471,1.2648831947194392,1.4869089234653952
472,1.316878078990817,1.4383410436274622
473,1.3170772185719253,1.440566550754419
474,1.2632969821767814,1.445533704066094
475,1.2290291242293976,1.440966954812035
476,1.3055091596529964,1.4515333564137454
477,1.2700448811258471,1.4906987865228212
478,1.214751125363658,1.5026106365947993
479,1.222648581886024,1.4626075944316808
480,1.2282622739996292,1.450723062656721
481,1.284452293617051,1.499039280413425
482,1.2572143625376448,1.4708942039862365
483,1.2911812595098118,1.4940140526536265
484,1.269863355781161,1.4407308926676228
485,1.3129758449883209,1.4502896250509956
486,1.2993588493246977,1.4734548192959804
487,1.2532810644811847,1.482852000339043
488,1.2368629823431774,1.446799255115403
489,1.2546289869973801,1.4962588428617272
490,1.2759254944135296,1.452593425148899
491,1.2428449706208637,1.4560584067361173
492,1.2526851377027906,1.4580043516386514
493,1.2721880884236616,1.4957979074852243
494,1.286560551115107,1.4761767556816514
495,1.266297293014087,1.4604664451698697
496,1.2625696830713002,1.4600168458585203
497,1.2815571785032203,1.5056352360488334
498,1.2496798038165091,1.44692948769347
499,1.2751107233326875,1.462033667634284
500,1.2959944179160496,1.461587101985478
501,1.2913763930298192,1.4760664969118311
502,1.2639398757147506,1.4334124662011163
503,1.2677838272481066,1.432668798854115
504,1.2840284405224425,1.4629165168782596
505,1.2795378058990026,1.42150396343863
506,1.3114134147823255,1.485753205759616
507,1.2718069152017204,1.4700723611345614
508,1.262350496744854,1.4170314013466159
509,1.2650100094544159,1.468083479433258
510,1.2593189390880055,1.4442615783685242
511,1.26391051929359,1.4888788473801224
512,1.2977417334512569,1.4276645339646556
513,1.3273561284314606,1.4781937756561447
514,1.2713706804691582,1.4361791402364357
515,1.2473868432452961,1.4421866274560344
516,1.3128717602854167,1.431062933785684
517,1.3095525450688197,1.4475290475976081
518,1.2654777767443148,1.4616132037065022
519,1.3122661712224102,1.4464284514520271
520,1.228465374044019,1.4649037070894149
521,1.2793645370457594,1.4692355268708632
522,1.2961316068006112,1.4382496178547395
523,1.261488349704383,1.4631322236694546
524,1.296749658621126,1.4709080082173378
525,1.314678645308778,1.4833635884395417
526,1.3261977177472735,1.458128579226131
527,1.3191850516481736,1.479311408199395
528,1.2488892580248958,1.454935848854925
529,1.2410891397488097,1.4469670177409097
530,1.2441076881484505,1.4646235479576757
531,1.3039582169072597,1.51374875251242
532,1.3332162311056746,1.474853011530282
533,1.2959018825238366,1.5150778934176734
534,1.2874486652515962,1.4269725366639914
535,1.3017058130188994,1.472293118534612
536,1.2772373024087642,1.4151670251972872
537,1.3653501266206813,1.4485309715120473
538,1.2745925541473404,1.4849538653987384
539,1.2460909114515872,1.447522283432968
540,1.3226472320224447,1.4675011474517219
541,1.3032698988175797,1.44176218497476
542,1.326200766627207,1.4879034442070442
543,1.2791203428281441,1.4459359461368786
544,1.2600099975959898,1.4669531282300345
545,1.2950109131251861,1.4767730504357077
546,1.270285278716065,1.4634459733723417
547,1.2678072671749465,1.4705466358198216
548,1.3138874296340401,1.4552676566544451
549,1.3162652663106766,1.4557358730695642
550,1.301843038963392,1.4687653367436382
551,1.2645317673390373,1.4479744632601355
552,1.285913061088461,1.479964544922852
553,1.306663083688831,1.470668566551694
554,1.315603045932583,1.47362659336619
555,1.3084083530617938,1.4854675667399178
556,1.2668649430790049,1.4298649837621182
557,1.2621129086539278,1.457741192680647
558,1.305512038820181,1.462258685512916
559,1.3256890652230253,1.4950312859896546
560,1.299096409248978,1.4700435307534554
561,1.3052750907273534,1.4768770168523797
562,1.2585032984437123,1.4769291252015901
563,1.3092119827687452,1.4883530574494914
564,1.2910054765930403,1.4429580096812715
565,1.2994560561200457,1.4907145927058645
566,1.3342486028790044,1.4620914339227045
567,1.3140639638830212,1.463941766263567
568,1.3001988304740975,1.4695671084503241
569,1.2839293615888436,1.4200363858789256
570,1.322279876835889,1.4934694771469494
571,1.2693360990741032,1.4592021567444124
572,1.297326910159205,1.453934551999854
573,1.2927868538784746,1.4396771165405384
574,1.2894758403869455,1.466599067613247
575,1.2351006133166422,1.4622383806994113
576,1.319184738875084,1.485951163881403
577,1.2809635555928598,1.4511979690999657
578,1.2704692693339774,1.5005663730201184
579,1.3035846323720386,1.4875995220296103
580,1.347963137188059,1.5277269930570487
581,1.2895022349022391,1.4510030829106235
582,1.2952238971921262,1.5260036103369412
583,1.3054784371736363,1.5039511943370707
584,1.2611088051381003,1.4834179382734705
585,1.2800704556202904,1.4318581741324785
586,1.3027947056300686,1.4539254234241576
587,1.3042615292285513,1.423298317405436
588,1.2834690217890483,1.4748882227592681
589,1.2892208023139464,1.4482162144142572
590,1.33309278488319,1.4918486313924684
591,1.3169803411536496,1.4898260694038727
592,1.3163751137814925,1.4446727861745081
593,1.2627050730407745,1.477382699307547
594,1.3148893812498759,1.4791172795636436
595,1.2952263810229896,1.472296297435319
596,1.3338921009629279,1.4968505741285927
597,1.2906715947070753,1.4881177099337537
598,1.268071368507246,1.5220332118329167
599,1.2892086853439255,1.4838712004205281
600,1.3361107077507013,1.4410384553641984
601,1.3276093952246049,1.485450816611039
602,1.3114531565379552,1.50206311460897
603,1.2735151074231885,1.492718974741453
604,1.2845079765299783,1.4585635492487412
605,1.2943772651561842,1.4608708388155787
606,1.2886184123236817,1.453071856831034
607,1.3068512150116824,1.4293766337814708
608,1.2958639340357554,1.4706048199982258
609,1.2669179543368332,1.5243300609015977
610,1.2749820817016142,1.4536556491184256
611,1.3173043029319909,1.5211719250819333
612,1.3311655895837162,1.5103556796832822
613,1.323345482789694,1.4845773861935658
614,1.2946050224198888,1.5252760669058048
615,1.299425909578959,1.4203267223232146
616,1.3160225303006714,1.451244416807921
617,1.2964982777559635,1.4675932137531773
618,1.2865878062064384,1.4769527059227392
619,1.272175428842354,1.451382215026845
620,1.3056627267067085,1.4687659201431909
621,1.3223870622976297,1.4683353600923275
622,1.2672937611708304,1.50065781322221
623,1.3633889538989454,1.477862264877332
624,1.3238316686943343,1.468717646530878
625,1.3143996373126616,1.499284617618251
626,1.2970330549622053,1.4966222344767848
627,1.3239334571126091,1.4772662708755901
628,1.3161895478590344,1.4567119951952772
629,1.287649479874141,1.5110887912413755
630,1.350364261770928,1.4933325643406101
631,1.302789609995091,1.493718455622483
632,1.2853874985724734,1.4998640773453344
633,1.32058836823168,1.4904119326015803
634,1.3067223063374773,1.4612613931658724
635,1.2708314725748242,1.494011304215398
636,1.2951883627291614,1.5052714677376875
637,1.3208613891865402,1.5138768028026297
638,1.2894885921065822,1.5146374132130778
639,1.2921022525006765,1.4846204404997796
640,1.2965397065828597,1.4627365898959215
641,1.3661991951626697,1.479740155822017
642,1.2853652351088294,1.4645140715632388
643,1.2998329138774256,1.4932025362265218
644,1.322113762579446,1.4930442633054881
645,1.2956201672355327,1.4805352796078517
646,1.304299796482108,1.4709902150448997
647,1.2522186226038188,1.4978671370075882
648,1.3190939134501554,1.4643749905486747
649,1.2997227673994138,1.5221371978499825
650,1.3406447288355439,1.4758003442245877
651,1.2931516392473514,1.4957635493887902
652,1.3136182804842216,1.483629494092558
653,1.3017610858729145,1.4701532219241786
654,1.3746856185782272,1.4977840857277154
655,1.3166995713268492,1.4953971152728203
656,1.330552873475508,1.4763974334662002
657,1.309279427258762,1.4522138184064766
658,1.3442736707876384,1.4554681324296226
659,1.340281002445637,1.4613801874374555
660,1.3327639511014406,1.4905033642861245
661,1.3266310597644502,1.470302638682801
662,1.2982265920156961,1.4669920138171402
663,1.3296058510177282,1.4619716486616894
664,1.315493362288992,1.5208007667923236
665,1.288542418604171,1.4279157492109624
666,1.3042945118104317,1.4828670854105537
667,1.2689051428105242,1.4725665581523864
668,1.3240767154508455,1.503198288252222
669,1.3224072624175947,1.5216144101874403
670,1.2986873760830926,1.4801034797284174
671,1.366385229790877,1.4761080564885019
672,1.3217775447952516,1.435273218515141
673,1.3144274468195867,1.4887496998482153
674,1.2892673774941172,1.4964175089038347
675,1.2989382279476722,1.4966107149314711
676,1.3030316472633712,1.4777074707028475
677,1.3519956336645458,1.517742336911827
678,1.2833523129388882,1.5140521568053815
679,1.3340719546502122,1.5042614340556002
680,1.333179506300938,1.4959550665420376
681,1.3391121456388106,1.4480590270824472
682,1.3289552740001374,1.4489657422003457
683,1.3095362670085844,1.5257612693039897
684,1.2995688145875477,1.4818639733580257
685,1.3202465009582656,1.5125649333985884
686,1.3015810240924774,1.5143420961095069
687,1.331047229423622,1.527718193151985
688,1.3071103955255612,1.483501297963491
689,1.358955960267328,1.5065782883900118
690,1.2833218002746563,1.4386022869614212
691,1.3514163320442107,1.531253054063041
692,1.3264219049939179,1.4620572736702957
693,1.3098661478517888,1.469363777867268
694,1.313748632492016,1.4574678119718483
695,1.3206693206767128,1.4833080756613686
696,1.2674563226323547,1.4584480048230122
697,1.3106915061324358,1.4960142285989482
698,1.3378040474576003,1.4879438273856207
699,1.3103604041128687,1.5238432058480686
700,1.3701933562178763,1.4781136100478838
701,1.322977367682124,1.4388443328741571
702,1.3017932254015774,1.5119610194146436
703,1.3671351788089818,1.493306297314688
704,1.3265306923038467,1.4449480126576069
705,1.3037227212609181,1.4464545943469331
706,1.3298801922461032,1.4806162896219899
707,1.3395020138062166,1.5239262450369189
708,1.3539928547796602,1.4856560067764
709,1.34482806044598,1.5129126261592694
710,1.3211281387956,1.4878842797135239
711,1.3319268944614608,1.5222299222188924
712,1.278085025380863,1.467836136204929
713,1.3069826047990414,1.5078707651332235
714,1.325654469781572,1.4943774886326595
715,1.3391398796793825,1.4854339907952334
716,1.3204760560168276,1.4966890075909338
717,1.2900008816067987,1.4783056971124406
718,1.3004531853451997,1.4795075555244757
719,1.3260827766062127,1.465068057459269
720,1.3302570556026108,1.4497105035009568
721,1.3504138891821198,1.4780207377001848
722,1.2972457300963425,1.4617957297558826
723,1.315369847144356,1.5175915596405163
724,1.360256832669302,1.4588137371667185
725,1.3683573380387581,1.5061155311086176
726,1.3399914534788717,1.455820511262687
727,1.3374700530233021,1.4308767080725597
728,1.2947748204261689,1.4612309916314568
729,1.31797795185018,1.4853555228408062
730,1.303017201901078,1.4756513227199457
731,1.3311751557004767,1.4565763508387786
732,1.2863344443585512,1.48103388465287
733,1.269873057943565,1.4962341398153247
734,1.3202160644193448,1.4811458634775931
735,1.3248339998394054,1.5165630521295999
736,1.3039499894040874,1.49943072937953
737,1.2800786352043907,1.4683116774070613
738,1.3167397712435258,1.481648926316363
739,1.3394700969961177,1.4740948367624898
740,1.3663788436451973,1.456119438921383
741,1.3218651520392142,1.466600512760294
742,1.2995736127057067,1.4518892350977703
743,1.3693760524647096,1.4619679369256988
744,1.3146278616103417,1.4664006194764958
745,1.3200438776230052,1.4905302474965803
746,1.3181032324432118,1.4570505020294893
747,1.33570976045688,1.485717177162952
748,1.3545404412464992,1.475742883730546
749,1.2871596319531282,1.4893767009095222
750,1.2884279365236861,1.516436566814708
751,1.354164206198715,1.4803050256501715
752,1.3654437306915352,1.4710269213613447
753,1.2870564180453217,1.4753339833736425
754,1.305105835428725,1.5087429275871538
755,1.316901302012469,1.449660505673773
756,1.2750837592142779,1.46749678800101
757,1.2942011095040507,1.5002008090213346
758,1.3395369881244774,1.4714196287444687
759,1.3751322990205703,1.5282994895421629
760,1.3518613157803812,1.4705520272708281
761,1.3578033115161285,1.51370528806558
762,1.2909256817612793,1.4735889275735858
763,1.3358580118984031,1.482768830974116
764,1.2942406416189636,1.5028332635367585
765,1.374181437526005,1.460022984059394
766,1.2896073271297563,1.4754517202114643
767,1.3232044785647912,1.470694743001674
768,1.3095624409236404,1.4717206333930735
769,1.3426817328659404,1.4621051219781407
770,1.2808337883297853,1.4947029818005455
771,1.3194854053908314,1.4844732426009473
772,1.3733562370585088,1.475215792882116
773,1.2731297930221417,1.4886644758608008
774,1.342875135685796,1.4680058658107553
775,1.302714847405881,1.4619554370738288
776,1.3671110083601397,1.502623081715675
777,1.3197215152483641,1.4898904004310658
778,1.337124661589432,1.4518791460615394
779,1.3586654979363553,1.4662723837984513
780,1.3313327307402196,1.4901997856281608
781,1.3761949434241991,1.4487885732143875
782,1.3786477671946178,1.5145635711992986
783,1.3451477917807804,1.4977927707343293
784,1.2904714100505177,1.4873735333281934
785,1.3211474988645997,1.5555927388168427
786,1.3737303679190502,1.5052476725487192
787,1.2826034377680353,1.4950802518035966
788,1.3194277125598224,1.4777562408997107
789,1.3273949394693412,1.4319274049568649
790,1.3280821535867158,1.4675539655092826
791,1.3301663655783895,1.474237646594865
792,1.306909048776962,1.5073596482903981
793,1.2994704564966792,1.4489705608414412
794,1.3189953377425545,1.4748603838923613
795,1.3339762058794877,1.4670540555363605
796,1.2989498827226493,1.4709157812039995
797,1.334740343427364,1.4492742650034776
798,1.3827087452791593,1.467464424762174
799,1.3568099506131581,1.4754395744312652
800,1.2722732512978052,1.4789240423506107
801,1.3519411372475916,1.4884417941071437
802,1.3546744400314161,1.4742391445585412
803,1.2358611117436171,1.4839001199074477
804,1.3121957166074147,1.4692769429682837
805,1.3417276645585958,1.4695160609790123
806,1.3539913854371175,1.4928314053439584
807,1.3484143769786323,1.4936750354633865
808,1.3220278984150964,1.4577799408747514
809,1.3248744262493337,1.486771788790527
810,1.3217002242607439,1.4793973265218676
811,1.309167602165404,1.513978084700333
812,1.34680010975051,1.507906670272711
813,1.317982861823188,1.454841070338998
814,1.2780844999451688,1.4775848398034324
815,1.3125318370541508,1.5050703821915106
816,1.3462715138875487,1.5305987540993495
817,1.3095991762403474,1.4739966380306577
818,1.3307978200255717,1.5258074217412774
819,1.3464858370061508,1.5191191245813933
820,1.299807158709856,1.49315263606832
821,1.3586382689484926,1.4969220060903303
822,1.3075974109197113,1.4679275052760528
823,1.322590438155364,1.467230993099779
824,1.3399551984523201,1.4895430207192861
825,1.3254084556396317,1.4975701327486122
826,1.3245637647702206,1.5067520262649432
827,1.3447703889971259,1.496255684562388
828,1.3210055732008719,1.4978551377446323
829,1.349142064936386,1.4919028565289756
830,1.2679590226774773,1.5400703879058641
831,1.3126047231984386,1.5018730104720777
832,1.3582826547740596,1.4821480292217606
833,1.3346559116780559,1.5003154285798241
834,1.3553272577979845,1.5025756948195308
835,1.3680984500781133,1.4688198608783072
836,1.3158617856711807,1.5084072845906826
837,1.3199615026648313,1.5189734034871654
838,1.3681735329498825,1.4756440109425866
839,1.3795968719538378,1.4619072806464992
840,1.2949644127423776,1.5314318717808357
841,1.3174410860010466,1.4991850877643635
842,1.3404608658791024,1.5285370504536107
843,1.321055047039869,1.4744980203221902
844,1.3464369238683493,1.532718491643917
845,1.3244802511973344,1.4561336581510265
846,1.2947246747473324,1.4937194319000933
847,1.321262589575926,1.507463015630517
848,1.3928523924284717,1.4974661887717358
849,1.2916122528714955,1.5084645651210915
850,1.3664912779745746,1.5101025307033984
851,1.3234184383706984,1.5020431044978777
852,1.3194978726191007,1.4750253768829507
853,1.3426510798322442,1.447553226966138
854,1.3640315018534086,1.5226533213538556
855,1.375588387460367,1.4978656918752926
856,1.3722947357826825,1.508454225182961
857,1.339139391919082,1.5061065338556678
858,1.3253350067884908,1.4897743389630886
859,1.3088740211261096,1.525864956953436
860,1.2789997541317544,1.4835843451888706
861,1.4283488848574002,1.4483113490500938
862,1.3075121906327276,1.519684879802864
863,1.3878295563801235,1.5012303760120953
864,1.3452409839635837,1.4823551898865057
865,1.3410538884748942,1.5394133795486253
866,1.2825369092707866,1.4980960114328719
867,1.335504871174477,1.4821848148346994
868,1.359684912429579,1.4803656341117046
869,1.3262694079758528,1.4686911888698682
870,1.2846534584420723,1.5036837330106223
871,1.2944775857928075,1.479170411193557
872,1.3595159678267243,1.469189686726661
873,1.3003364502870711,1.5016800530553804
874,1.3698031284411558,1.5103773853701996
875,1.3252010297040342,1.504239602397071
876,1.3519922132326105,1.5057469774527503
877,1.3318767009320331,1.5053972202383328
878,1.327963102831208,1.5237220723446725
879,1.3676348850864897,1.486446187051592
880,1.3539350528450653,1.5175387836309664
881,1.3487935033320217,1.4979784616323968
882,1.3396337998828827,1.5411856480983528
883,1.3688005739838027,1.483026141993319
884,1.330505769412403,1.467837262186098
885,1.3023981569954644,1.490050167163847
886,1.3214999550352036,1.496757344770605
887,1.3389926191704553,1.4914265492679866
888,1.33424518719076,1.4859091370543618
889,1.342123843206625,1.5147922848388404
890,1.3490586540819223,1.5079247085596872
891,1.3657297465725717,1.5050872156757704
892,1.336022611403373,1.4977447024089556
893,1.36493273885767,1.5155527865449299
894,1.3830777123857951,1.4901022256228669
895,1.3477088300475415,1.4986999379621921
896,1.32783684172736,1.4871141854611614
897,1.3381519973644165,1.4902492571849784
898,1.362673605486722,1.4812151670910394
899,1.338419079247296,1.4404912158984087
900,1.348860193210182,1.4572909525997781
901,1.311588958717378,1.4905175027905184
902,1.3400823947119593,1.5114480588184602
903,1.3471989230122274,1.5049842657113828
904,1.366679630789936,1.4832911322580773
905,1.3610360021386263,1.4752645925930854
906,1.3731511038544812,1.461988713832482
907,1.3494444695428365,1.5138826885374714
908,1.3263299641438007,1.477667877749062
909,1.3511212227020393,1.4883073895029144
910,1.3654159310380578,1.4810377511204131
911,1.3483370627223021,1.5540588739585706
912,1.3326206772253752,1.4923134984786282
913,1.3540835106677747,1.448128321381968
914,1.3502622694383075,1.499869826790317
915,1.3671772735355248,1.486344711524565
916,1.4031524299785851,1.4708121346526333
917,1.3629903255523048,1.4822080270424638
918,1.3474358714261914,1.4864662772385144
919,1.3296792925127612,1.5329536336200773
920,1.3595214434311027,1.4907314273526722
921,1.3261341994412303,1.4830994108838977
922,1.340068686152264,1.5124399019193047
923,1.3571138583858746,1.4904884626752037
924,1.3453990904576818,1.4801999642661623
925,1.397782541108715,1.4746958208424925
926,1.3291899199081172,1.462045740520687
927,1.3427667931702596,1.4919755868484663
928,1.3918372792851563,1.4737310212080201
929,1.3450372603416085,1.530928906919645
930,1.3837374845001422,1.475021003670778
931,1.3463010322698856,1.4772557752203561
932,1.3180117394774773,1.472730202481664
933,1.372259935025987,1.4995206608559548
934,1.383737417699121,1.5286647308029235
935,1.344788999062438,1.460326510220093
936,1.3507510595096706,1.5309040300550283
937,1.3929975095629943,1.5172865692486162
938,1.3266735366245657,1.5279575487041708
939,1.3332996394293872,1.5289344237722289
940,1.3078822174011397,1.4716727969384724
941,1.3515782133014347,1.4887010245003585
942,1.356985503226095,1.5001933741617504
943,1.3823987477818922,1.454964939476096
944,1.3631279797374394,1.47321937173581
945,1.3261452419439383,1.4699587419854256
946,1.3811228032317802,1.5123070824197602
947,1.3526608139546838,1.4785710869825799
948,1.370194269062933,1.4928310605859356
949,1.3355108484054665,1.477971299325121
950,1.328976223273432,1.4679942656836618
951,1.4046246460502294,1.4629378634335053
952,1.3196485381064098,1.4975177152231647
953,1.3301089455472692,1.500232986352482
954,1.3237391346762442,1.5056803559797174
955,1.3415656175833202,1.4996758346496015
956,1.3659357422040297,1.5105761074753463
957,1.301512738888523,1.489285551773413
958,1.2971947389079246,1.475263897272922
959,1.3371550584211904,1.5016820713531784
960,1.3416076877930563,1.498887585736883
961,1.3267016165299688,1.5165209535449293
962,1.306106857076543,1.4769961607727855
963,1.3024466298509452,1.5017442454584893
964,1.307857486754052,1.473846908755509
965,1.346004879492145,1.4768477919017113
966,1.3463748357477352,1.4836210394710765
967,1.332897357484649,1.4917582197213823
968,1.3514165293157359,1.4834063020337551
969,1.3222279136703605,1.4796724757254798
970,1.3740737191831238,1.4913134297347599
971,1.349645550718755,1.4679206297757623
972,1.3328918468294098,1.5031636323475148
973,1.3430452376916073,1.4890417462013819
974,1.3630649221365239,1.493596695330414
975,1.349915268779691,1.5332416968996585
976,1.3941983226064392,1.459753140468322
977,1.3510712263915454,1.488170252619185
978,1.3519133567869033,1.4522506469814134
979,1.411852279409066,1.4818151643235715
980,1.3477789368626711,1.5024130684551074
981,1.3389606486587577,1.5035160206250102
982,1.3506725796890733,1.5191310225376033
983,1.3423321070299308,1.5279753366721311
984,1.3482902134126789,1.4927863801359418
985,1.3615213501521144,1.5048162872334145
986,1.3710280472225638,1.4891697109564563
987,1.3427564208563587,1.4727563652020195
988,1.34779928985238,1.4802400327182872
989,1.3026460425187,1.4764928355020175
990,1.373046589259322,1.4864040135496117
991,1.3797462553575814,1.5136869676055176
992,1.350725418293153,1.4831004634577434
993,1.3118872744711827,1.5102002736233313
994,1.3254997994708533,1.487507088576404
995,1.4021843393616025,1.5074080787982655
996,1.3371587834917738,1.4768041415265059
997,1.3509354055007243,1.4833100494235236
998,1.3258800216783118,1.4973740419719297
999,1.3053730487988415,1.5454453132918657
